Workbook

Sheet Tổng hợp
A1: TỔNG HỢP KẾT QUẢ
A3: STT | B3: Tên màn hình/chức năng | C3: Số trường hợp kiểm thử đạt (P) | D3: Số trường hợp kiểm thử không đạt (F) | E3: Số trường hợp kiểm thử đang xem xét (PE) | F3: Số trường hợp kiểm thử chưa thực hiện | G3: Tổng số trường hợp kiểm thử | H3: Tỉ lệ trường hợp kiểm thử đạt (%P) | I3: Tỉ lệ trường hợp kiểm thử không đạt (%F) | J3: Tỉ lệ trường hợp kiểm thử đã thực hiện (%Cover)
A4: 1 | B4: 1. Đăng nhập/ đăng xuất | C4: ='1. Đăng nhập đăng xuất '!D4 | D4: ='1. Đăng nhập đăng xuất '!D5 | E4: 0 | F4: 0 | G4: ='1. Đăng nhập đăng xuất '!D8 | H4: =C4/G4 | I4: =D4/G4 | J4: =(C4+D4)/G4
A5: 2 | B5: 2. Splash screen | C5: ='2. Splash screen'!D4 | D5: 0 | E5: 0 | F5: 0 | G5: ='2. Splash screen'!D8 | H5: =C5/G5 | I5: =D5/G5 | J5: =(C5+D5)/G5
A6: 3 | B6: 3. Servey đăng nhập | C6: ='3. Survey đăng nhập'!D8 | D6: 0 | E6: 0 | F6: 0 | G6: ='3. Survey đăng nhập'!D8 | H6: =C6/G6 | I6: =D6/G6 | J6: =(C6+D6)/G6
A7: 4 | B7: 4. Màn hình home | C7: =Home!D4 | D7: 0 | E7: 0 | F7: 0 | G7: =Home!D8 | H7: =C7/G7 | I7: =D7/G7 | J7: =(C7+D7)/G7
A8: 5 | B8: 5. Màn hình quan tâm | C8: ='5. Màn hình quan tâm'!D4 | D8: 0 | E8: 0 | F8: 0 | G8: ='5. Màn hình quan tâm'!D8 | H8: =C8/G8 | I8: =D8/G8 | J8: =(C8+D8)/G8
A9: 6 | B9: 6. Abount/Unitel | C9: ='6.AboutUnitel'!D4 | D9: 0 | E9: 0 | F9: 0 | G9: ='6.AboutUnitel'!D8 | H9: =C9/G9 | I9: =D9/G9 | J9: =(C9+D9)/G9
A10: 7 | B10: 7. Thông báo | C10: ='7. Thông báo '!D4 | D10: 0 | E10: 0 | F10: 0 | G10: ='7. Thông báo '!D8 | H10: =C10/G10 | I10: =D10/G10 | J10: =(C10+D10)/G10
A11: 8 | B11: 8. Tài khoản | C11: ='8. Tài khoản'!D4 | D11: 0 | E11: 0 | F11: 0 | G11: ='8. Tài khoản'!D8 | H11: =C11/G11 | I11: =D11/G11 | J11: =(C11+D11)/G11
A12: 9 | B12: 9. Bộ giải pháp phổ biến | C12: ='9. Bộ giải pháp phổ biến'!D4 | D12: 0 | E12: 0 | F12: 0 | G12: ='9. Bộ giải pháp phổ biến'!D8 | H12: =C12/G12 | I12: =D12/G12 | J12: =(C12+D12)/G12
A13: 10 | B13: 10. Quản lý bộ giải pháp theo lĩnh vực | C13: ='10.Bộ giải pháp theo lĩnh vực '!D4 | D13: 0 | E13: 0 | F13: 0 | G13: ='10.Bộ giải pháp theo lĩnh vực '!D8 | H13: =C13/G13 | I13: =D13/G13 | J13: =(C13+D13)/G13
A14: 11 | B14: 11. Apps của tôi | C14: ='11. Apps của tôi'!D4 | D14: 0 | E14: 0 | F14: 0 | G14: ='11. Apps của tôi'!D8 | H14: =C14/G14 | I14: =D14/G14 | J14: =(C14+D14)/G14
A15: 12 | B15: 12. Term&Condition | C15: ='12. Term & Condition'!D4 | D15: 0 | E15: 0 | F15: 0 | G15: ='12. Term & Condition'!D8 | H15: =C15/G15 | I15: =D15/G15 | J15: =(C15+D15)/G15
A16: Total | C16: =SUM(C4:C11) | D16: =SUM(D4:D11) | E16: =SUM(E4:E11) | F16: =SUM(F4:F11) | G16: =SUM(G4:G11) | H16: =C16/G16 | I16: =D16/G16 | J16: =(C16+D16)/G16

Sheet 1. Đăng nhập đăng xuất 
C1: KỊCH BẢN KIỂM THỬ *
C2: Tên màn hình/Tên chức năng | D2: Đăng nhập/ đăng xuất
C3: Mã trường hợp kiểm thử | D3: WBS-1
C4: Số trường hợp kiểm thử đạt (P) | D4: =COUNTIF($Q$12:$Q$993,"P")
C5: Số trường hợp kiểm thử không đạt (F) | D5: =COUNTIF($Q$12:$Q$993,"F")
C6: Số trường hợp kiểm thử đang xem xét (PE) | D6: =COUNTIF($Q$12:$Q$993,"PE")
C7: Số trường hợp kiểm thử chưa thực hiện | D7: =D8-D4-D5-D6
C8: Tổng số trường hợp kiểm thử | D8: =COUNTA($D$13:$D$993)
A10: Mã test case | B10: Mục đích kiểm thử | C10: Các bước thực hiện | D10: Kết quả mong muốn | E10: Android | H10: IOS | K10: <Tên trình duyệt 3> | N10: <Tên trình duyệt 4> | Q10: Kết quả hiện tại | R10: Mã lỗi | S10: Ghi chú | T10: Ngày test | U10: Người test
E11: Lần 1 | F11: Lần 2 | G11: Lần 3 | H11: Lần 1 | I11: Lần 2 | J11: Lần 3 | K11: Lần 1 | L11: Lần 2 | M11: Lần 3 | N11: Lần 1 | O11: Lần 2 | P11: Lần 3
A12: =IF(AND(D12="",D12=""),"",$D$3&"_"&ROW()-11-COUNTBLANK($D$12:D12)) | B12: WBS 1.19: MÀN HÌNH ĐĂNG NHẬP
A13: =IF(AND(D13="",D13=""),"",$D$3&"_"&ROW()-11-COUNTBLANK($D$12:D13)) | B13: Tiền điều kiện | C13: • Người dùng đã cài đặt ứng dụng LaoOne. • Thiết bị có kết nối Internet.
A14: =IF(AND(D14="",D14=""),"",$D$3&"_"&ROW()-11-COUNTBLANK($D$12:D14)) | B14: Giao diện
A15: =IF(AND(D15="",D15=""),"",$D$3&"_"&ROW()-11-COUNTBLANK($D$12:D15)) | B15: Giao diện chung màn hình đăng nhập
A16: =IF(AND(D16="",D16=""),"",$D$3&"_"&ROW()-11-COUNTBLANK($D$12:D16)) | B16: Kiểm tra giao diện màn hình Login | C16: 1. Tại màn hình Login 2. Kiểm tra hiển thị | D16: 1. Hiển thị màn hình: - Tiêu đề Đăng nhập - Button chọn ngôn ngữ - Trường nhập Email/Số điện thoại - Button "Tiếp tục" - Button "Xác thực khuôn mặt" - Button đăng nhập với bên thứ 3 "Facebook/ Apple/ Google" - Button "Đăng nhập với vai trò là khách" - Điều khoản và chính sách | E16: P | H16: P | Q16: P
A17: =IF(AND(D17="",D17=""),"",$D$3&"_"&ROW()-11-COUNTBLANK($D$12:D17)) | C17: 3. Kiểm tra tổng thể giao diện: font chữ, chính tả, title... | D17: 2. Font chữ, cỡ chữ, màu sắc chữ, độ rộng cột, độ rộng hàng, màu sắc background, icon, vị trí icon, title, khoảng cách giữa các đối tượng hiển thị,... đúng với thiết kế | E17: P | H17: P | Q17: P
A18: =IF(AND(D18="",D18=""),"",$D$3&"_"&ROW()-11-COUNTBLANK($D$12:D18)) | C18: 4. Kiểm tra responsive | D18: 3. Thay đổi độ phân giải chuẩn khác nhau, màn hình và các control tuân thủ đúng nguyên tắc responsive, không bị vỡ cấu trúc | E18: P | H18: P | Q18: P
A19: =IF(AND(D19="",D19=""),"",$D$3&"_"&ROW()-11-COUNTBLANK($D$12:D19)) | C19: Hình ảnh | E19: P | H19: P | Q19: P
A20: =IF(AND(D20="",D20=""),"",$D$3&"_"&ROW()-11-COUNTBLANK($D$12:D20)) | B20: Kiểm tra hiển thị khi xoay màn hình theo chiều dọc/chiều ngang | C20: 1. Tại màn hình Login 2. Kiểm tra hiển thị 3. Bật tính năng xoay màn hình của thiết bị 4. Xoay ngang/dọc màn hình | D20: 1. Không di chuyển, giữ nguyên vùng màn hình | E20: P | H20: P | Q20: P
A21: =IF(AND(D21="",D21=""),"",$D$3&"_"&ROW()-11-COUNTBLANK($D$12:D21)) | B21: Kiểm tra giao diện khi scroll lên/xuống | C21: 1. Tại màn hình Login 2. Srcoll lên/xuống | D21: 1. Không có scroll | E21: P | H21: P | Q21: P
A22: =IF(AND(D22="",D22=""),"",$D$3&"_"&ROW()-11-COUNTBLANK($D$12:D22)) | B22: Kiểm tra giao diện ở trường hợp ngắt kết nối mạng | C22: 1. Ngắt kết nối mạng 2. Kết nối lại mạng | D22: 1. Hiển thị giao diện ngoại tuyến, thông báo "Không tìm thấy kết nối Internet. Kiểm tra kết nối của bạn hoặc thử lại." 2. Hiển thị giao diện màn hình login | E22: P | H22: P | Q22: P
A23: =IF(AND(D23="",D23=""),"",$D$3&"_"&ROW()-11-COUNTBLANK($D$12:D23)) | B23: Kiểm tra hiển thị tiêu đề Đăng nhập | C23: 1. Tại màn hình đăng nhập 2. Kiểm tra hiển thị text Tiêu đề | D23: 2. Giao diện hiển thị như figma | E23: P | H23: P | Q23: P
A24: =IF(AND(D24="",D24=""),"",$D$3&"_"&ROW()-11-COUNTBLANK($D$12:D24)) | B24: Kiểm tra hiển thị button Chọn ngôn ngữ | C24: 1. Tại màn hình đăng nhập 2. Kiểm tra hiển thị button | D24: 1. Căn bên phải màn, có hình cờ và viết tắt của ngôn ngữ, giao diện như figma | E24: P | H24: P | Q24: P
A25: =IF(AND(D25="",D25=""),"",$D$3&"_"&ROW()-11-COUNTBLANK($D$12:D25)) | B25: Kiểm tra hiển thị Trường nhập Email/Số điện thoại | C25: 1. Tại màn hình đăng nhập 2. Kiểm tra giao diện hiển thị | D25: 2. Hiển thị kích thước, vị trí như figma | E25: P | H25: P | Q25: P
A26: =IF(AND(D26="",D26=""),"",$D$3&"_"&ROW()-11-COUNTBLANK($D$12:D26)) | C26: 3. Kiểm tra placeholder | D26: 3. Hiển thị placeholder "Email/Số điện thoại" | E26: P
A27: =IF(AND(D27="",D27=""),"",$D$3&"_"&ROW()-11-COUNTBLANK($D$12:D27)) | B27: Kiểm tra hiển thị Nút xác thực bằng khuôn mặt/vân tay | C27: 1. Tại màn hình đăng nhập 2. Kiểm tra hiển thị nút | D27: 2. Căn bên phải, cạnh nút tiếp tục. giao diện hiển thị như figma | E27: P | H27: P | Q27: P
A28: =IF(AND(D28="",D28=""),"",$D$3&"_"&ROW()-11-COUNTBLANK($D$12:D28)) | B28: Kiểm tra click nút Xác thực bằng khuôn mặt | C28: 1. Tại màn hình đăng nhập 2. Kiểm tra click nút | D28: 1. Hiển thị khung để xác thực khuôn mặt | E28: P | H28: P | Q28: P
A29: =IF(AND(D29="",D29=""),"",$D$3&"_"&ROW()-11-COUNTBLANK($D$12:D29)) | B29: Kiểm tra click vào từng button đăng nhập bằng bên thứ 3 | C29: 1. Tại màn hình đăng nhập 2.Click lựa chọn phương thức 3. Kiếm tra hiển thị | D29: 3. Hệ thống chuyển hướng tới nền tảng xác thực tương ứng | E29: P | H29: P | Q29: P
A30: =IF(AND(D30="",D30=""),"",$D$3&"_"&ROW()-11-COUNTBLANK($D$12:D30)) | B30: Kiểm tra click "Đăng nhập với vai trò là khách" | C30: 1. Tại màn hình đăng nhập 2. Click vào dòng "Đăng nhập vói vai trò là khách" | D30: 1. Hệ thống điều hướng đến màn Trang chủ | E30: P | H30: P | Q30: P
A31: =IF(AND(D31="",D31=""),"",$D$3&"_"&ROW()-11-COUNTBLANK($D$12:D31)) | B31: Kiểm tra hiển thị nút "Tiếp tục" | C31: 1. Tại màn hình đăng nhập 2. Kiểm tra hiển thị nút "Tiếp tục" | D31: 1. Hiển thị mặc định là disable 2. Màu sắc, kích thước như figma | E31: P | H31: P
A32: =IF(AND(D32="",D32=""),"",$D$3&"_"&ROW()-11-COUNTBLANK($D$12:D32)) | B32: Kiểm tra khi click vào Điều khoản | C32: 1. Tại màn hình Đăng nhập 2. Click vào Điều khoản | D32: 2. Hệ thống điều hướng đến màn hình Điều khoản Laoone | E32: P | H32: P
A33: =IF(AND(D33="",D33=""),"",$D$3&"_"&ROW()-11-COUNTBLANK($D$12:D33)) | B33: Kiểm tra khi click vào Chính sách | C33: 1. Tại màn hình Đăng nhập 2. Click vào Chính sách | D33: 2. Hệ thống điều hướng đến màn hình Chính sách bảo mật Laoone | E33: P | H33: P
A34: =IF(AND(D34="",D34=""),"",$D$3&"_"&ROW()-11-COUNTBLANK($D$12:D34)) | B34: Validate Email
A35: =IF(AND(D35="",D35=""),"",$D$3&"_"&ROW()-11-COUNTBLANK($D$12:D35)) | B35: Kiểm tra nhập email hợp lệ có kí tự "@" và "." | C35: 1. Tại màn hình đăng nhập 2. Nhập email hợp lệ có đầy đủ tên email, tên miền, ký tự "@" và ký tự "." | D35: 1. Nút "Tiếp tục" hiển thị enable | E35: P | H35: P | Q35: P
A36: =IF(AND(D36="",D36=""),"",$D$3&"_"&ROW()-11-COUNTBLANK($D$12:D36)) | B36: Kiểm tra nhập email sai dịnh dạng: có các kí tự đặc biệt trước @ | C36: 1. Tại màn hình đăng nhập 2. Nhập email với các kí tự đặc biệt trước @: .>?#$%^& | D36: 1. Hiển thị lỗi " Email không hợp lệ" | E36: P | H36: P | Q36: P
A37: =IF(AND(D37="",D37=""),"",$D$3&"_"&ROW()-11-COUNTBLANK($D$12:D37)) | B37: Kiểm tra nhập email sai dịnh dạng: có các kí tự đặc biệt sau@ | C37: 1. Tại màn hình đăng nhập 2. Nhập email với các kí tự đặc biệt sau @: .>?#$%^& | D37: 1. Hiển thị lỗi " Email không hợp lệ" | E37: P | H37: P | Q37: P
A38: =IF(AND(D38="",D38=""),"",$D$3&"_"&ROW()-11-COUNTBLANK($D$12:D38)) | B38: Kiểm tra nhập email sai dịnh dạng: có chứa chữ có dấu | C38: 1. Tại màn hình đăng nhập 2. Nhập email có chứa chữ có dấu Vd: êfub@gmail.com | D38: 1. Hiển thị lỗi " Email không hợp lệ" | E38: P | H38: P | Q38: P
A39: =IF(AND(D39="",D39=""),"",$D$3&"_"&ROW()-11-COUNTBLANK($D$12:D39)) | B39: Kiểm tra nhập email sai dịnh dạng: có chứa khoảng trắng | C39: 1. Tại màn hình đăng nhập 2. Nhập email có chứa khoảng trắng | D39: 1. Hiển thị lỗi " Email không hợp lệ" | E39: P | H39: P | Q39: P
A40: =IF(AND(D40="",D40=""),"",$D$3&"_"&ROW()-11-COUNTBLANK($D$12:D40)) | B40: Kiểm tra email username trong khoảng [6-50] | C40: 1. Nhập email hợp lệ có độ dài là 6 | D40: 1. Nút "Tiếp tục" hiển thị enabe | E40: P | H40: P | Q40: P
A41: =IF(AND(D41="",D41=""),"",$D$3&"_"&ROW()-11-COUNTBLANK($D$12:D41)) | C41: 1. Nhập email hợp lệ có độ dài là 50 | D41: 1. Nút "Tiếp tục" hiển thị enabe | E41: P | H41: P | Q41: P
A42: =IF(AND(D42="",D42=""),"",$D$3&"_"&ROW()-11-COUNTBLANK($D$12:D42)) | C42: 1. Nhập email hợp lệ có độ dài là 27 | D42: 1. Nút "Tiếp tục" hiển thị enabe | E42: P | H42: P | Q42: P
A43: =IF(AND(D43="",D43=""),"",$D$3&"_"&ROW()-11-COUNTBLANK($D$12:D43)) | B43: Kiểm tra nhập email username có độ dài ngoài khoảng [6-50] | C43: 1. Nhập email hợp lệ có độ dài là 4 | D43: 1. Hiển thị lỗi "Email không hợp lệ" | E43: P | H43: P | Q43: P
A44: =IF(AND(D44="",D44=""),"",$D$3&"_"&ROW()-11-COUNTBLANK($D$12:D44)) | C44: 1. Nhập email hợp lệ có độ dài là 51 | D44: 1. Hiển thị lỗi "Kích thước phải nằm trong khoảng từ 6 đến 50" | E44: F | H44: P | Q44: P
A45: =IF(AND(D45="",D45=""),"",$D$3&"_"&ROW()-11-COUNTBLANK($D$12:D45)) | B45: Kiểm tra nhập khoảng trắng trong email username | C45: 1. Nhập username với khoảng trắng | D45: 1. Hiển thị lỗi "Email không hợp lệ" | E45: P | H45: P | Q45: P
A46: =IF(AND(D46="",D46=""),"",$D$3&"_"&ROW()-11-COUNTBLANK($D$12:D46)) | B46: Kiểm tra nhập các kí tự đặc biệt, emoji sau kí tự @ | C46: 1. Tại màn hình đăng nhập 2. Nhập email với các kí tự &^%$)_( hoặc 😉 | D46: 1. Hiển thị lỗi "Email không hợp lệ" | E46: P | H46: P | Q46: P
A47: =IF(AND(D47="",D47=""),"",$D$3&"_"&ROW()-11-COUNTBLANK($D$12:D47)) | B47: Kiểm tra nhập script vào trường email | C47: 1. Tại màn hình đăng nhập 2. Nhập <b>test@gmail.com</b> | D47: 1. Hiển thị lỗi "Emaill không hợp lệ" | E47: P | H47: P | Q47: P
A48: =IF(AND(D48="",D48=""),"",$D$3&"_"&ROW()-11-COUNTBLANK($D$12:D48)) | B48: Kiểm tra xóa kí tự đã nhập | C48: 1. Nhập 1 chuỗi kí tự 2. Xóa kí tự đã nhập | D48: 1. Xóa thành công | E48: P | H48: P | Q48: P
A49: =IF(AND(D49="",D49=""),"",$D$3&"_"&ROW()-11-COUNTBLANK($D$12:D49)) | B49: Kiểm tra paste email hợp lệ vào trường | C49: 1. Tại màn hình đăng nhập 2. Paste email hợp lệ vào trường | D49: 1. Nút "Tiếp tục" hiển thị enable | E49: P | H49: P | Q49: P
A50: =IF(AND(D50="",D50=""),"",$D$3&"_"&ROW()-11-COUNTBLANK($D$12:D50)) | B50: Kiểm tra bỏ trống trường email | C50: 1. Tại màn hình đăng nhập 2. Bỏ trống trường email | D50: 1. Hiển thị lỗi "Không được để trống" | E50: P | H50: P | Q50: P
A51: =IF(AND(D51="",D51=""),"",$D$3&"_"&ROW()-11-COUNTBLANK($D$12:D51)) | B51: Kiểm tra trạng thái mặc định của trường nhập email | C51: 1. Tại màn hình đăng nhập 2. Tap vào trường email | D51: 1. Trường mặc định là trạng thái enable | E51: P | H51: P | Q51: P
A52: =IF(AND(D52="",D52=""),"",$D$3&"_"&ROW()-11-COUNTBLANK($D$12:D52)) | B52: Kiểm tra placeholder của trường nhập email | C52: 1. Tại màn hình đăng nhập 2. Kiểm tra hiển thị | D52: 1. Placeholder hiển thị "Email/Số điện thoại" | E52: P | H52: P | Q52: P
A53: =IF(AND(D53="",D53=""),"",$D$3&"_"&ROW()-11-COUNTBLANK($D$12:D53)) | B53: Validate SĐT
A54: =IF(AND(D54="",D54=""),"",$D$3&"_"&ROW()-11-COUNTBLANK($D$12:D54)) | B54: Kiểm tra nhập số điện thoại của Lào hợp lệ | C54: 1. Tại màn hình đăng nhập 2. Nhập sđt hợp lệ đủ 11 số (3 số đầu 020) và đang hoạt động vào trường | D54: 1. Nút "Tiếp tục" hiển thị enable | E54: P | H54: P | Q54: P
A55: =IF(AND(D55="",D55=""),"",$D$3&"_"&ROW()-11-COUNTBLANK($D$12:D55)) | B55: Kiểm tra nhập sđt Lào sai dịnh dạng | C55: 1. Tại màn hình đăng nhập 2. Nhập sđt sai định dạng | D55: 1. Hiển thị lỗi " Số điện thoại không hợp lệ" | E55: P | H55: P | Q55: P
A56: =IF(AND(D56="",D56=""),"",$D$3&"_"&ROW()-11-COUNTBLANK($D$12:D56)) | B56: Kiểm tra nhập sđt Lào cũ có độ dài 8 số (sđt Lào cũ) | C56: 1. Tại màn hình đăng nhập 2. Nhập sđt dài 8 chữ số bắt đầu bằng 8 | D56: 2. Nút "Tiếp tục" hiển thị enable | E56: P | H56: P | Q56: P
A57: =IF(AND(D57="",D57=""),"",$D$3&"_"&ROW()-11-COUNTBLANK($D$12:D57)) | C57: 2. Nhập sđt dài 8 chữ số bắt đầu bằng 5 | D57: 2. Nút "Tiếp tục" hiển thị enable | E57: P | H57: P
A58: =IF(AND(D58="",D58=""),"",$D$3&"_"&ROW()-11-COUNTBLANK($D$12:D58)) | C58: 2. Nhập sđt dài 8 chữ số bắt đầu bằng 7 | D58: 2. Nút "Tiếp tục" hiển thị enable | E58: P | H58: P
A59: =IF(AND(D59="",D59=""),"",$D$3&"_"&ROW()-11-COUNTBLANK($D$12:D59)) | C59: 2. Nhập sđt dài 8 chữ số bắt đầu bằng 9 | D59: 2. Nút "Tiếp tục" hiển thị enable | E59: P | H59: P
A60: =IF(AND(D60="",D60=""),"",$D$3&"_"&ROW()-11-COUNTBLANK($D$12:D60)) | B60: Kiểm tra sđt Lào có đầu số 202 | C60: 1. Tại màn hình đăng nhập 2. Nhập sđt có đầu 202 (vd: 2021234567)" | D60: 2. Nút "Tiếp tục" hiển thị enable | E60: P | H60: P
A61: =IF(AND(D61="",D61=""),"",$D$3&"_"&ROW()-11-COUNTBLANK($D$12:D61)) | B61: Kiểm tra sđt Lào có đầu số 0202 | C61: 1. Tại màn hình đăng nhập 2. Nhập sđt có đầu 0202 (vd: 02021234567)" | D61: 2. Nút "Tiếp tục" hiển thị enable | E61: P | H61: P
A62: =IF(AND(D62="",D62=""),"",$D$3&"_"&ROW()-11-COUNTBLANK($D$12:D62)) | B62: Kiểm tra sđt Lào có đầu số +856 | C62: 1. Tại màn hình đăng nhập 2. Nhập sđt có đầu +856 (vd: +8562021234567) | D62: 2. Nút "Tiếp tục" hiển thị enable | E62: P | H62: P
A63: =IF(AND(D63="",D63=""),"",$D$3&"_"&ROW()-11-COUNTBLANK($D$12:D63)) | B63: Kiểm tra số điện thoại Lào có đầu số 856 | C63: 1. Tại màn hình đăng nhập 2. Nhập sđt có đầu 856 (vd: 8562021234567) | D63: 2. Nút "Tiếp tục" hiển thị enable | E63: P | H63: P
A64: =IF(AND(D64="",D64=""),"",$D$3&"_"&ROW()-11-COUNTBLANK($D$12:D64)) | B64: Kiểm tra nhập sđt Lào quá ngắn | C64: 1. Nhập sđt <8 chữ số | D64: 1. Hiển thị lỗi " Số điện thoại Lào không hợp lệ" | E64: P | H64: P | Q64: P
A65: =IF(AND(D65="",D65=""),"",$D$3&"_"&ROW()-11-COUNTBLANK($D$12:D65)) | B65: Kiểm tra nhập sđt Lào sai số đầu mạng di động nội địa | C65: 1. Nhập sđt có đầu số khác 0 | D65: 1. Hiển thị lỗi " Số điện thoại Lào không hợp lệ" | E65: P | H65: P | Q65: P
A66: =IF(AND(D66="",D66=""),"",$D$3&"_"&ROW()-11-COUNTBLANK($D$12:D66)) | B66: Kiểm tra nhập sđt Lào sai đầu sô quốc tế | C66: 1. Nhập sđt Lào sai đầu số quốc tế | D66: 1. Hiển thị lỗi " Số điện thoại Lào không hợp lệ" | E66: P | H66: P | Q66: P
A67: =IF(AND(D67="",D67=""),"",$D$3&"_"&ROW()-11-COUNTBLANK($D$12:D67)) | B67: Kiểm tra nhập sđt Lào khác với các đầu sđt được cấp phép | C67: 1. Nhập sđt Lào khác với các đầu số: 020 9xxx..., 020 7xxx..., 020 5xxx..., 020 2xxx... | D67: 1. Hiển thị lỗi " Số điện thoại Lào không hợp lệ" | E67: P | H67: P | Q67: P
A68: =IF(AND(D68="",D68=""),"",$D$3&"_"&ROW()-11-COUNTBLANK($D$12:D68)) | B68: Kiểm tra nhập các kí tự đặc biệt, emoji | C68: 1. Tại màn hình đăng nhập 2. Nhập các kí tự đặc biệt, emoji vào trường sđt | D68: 1. Hiển thị lỗi " Số điện thoại Lào không hợp lệ" | E68: P | H68: P | Q68: P
A69: =IF(AND(D69="",D69=""),"",$D$3&"_"&ROW()-11-COUNTBLANK($D$12:D69)) | B69: Kiểm tra nhập script vào trường sđt | C69: 1. Tại màn hình đăng nhập 2. Nhập <b>test@gmail.com</b> | D69: 1. Hiển thị lỗi " Số điện thoại Lào không hợp lệ" | E69: P | H69: P | Q69: P
A70: =IF(AND(D70="",D70=""),"",$D$3&"_"&ROW()-11-COUNTBLANK($D$12:D70)) | B70: Kiểm tra xóa kí tự đã nhập | C70: 1. Nhập 1 chuỗi kí tự 2. Xóa kí tự đã nhập | D70: 1. Xóa thành công | E70: P | H70: P | Q70: P
A71: =IF(AND(D71="",D71=""),"",$D$3&"_"&ROW()-11-COUNTBLANK($D$12:D71)) | B71: Kiểm tra paste sđt hợp lệ vào trường | C71: 1. Tại màn hình đăng nhập 2. Paste sđt hợp lệ vào trường | D71: 1. Nút "Tiếp tục" hiển thị enable | E71: P | H71: P | Q71: P
A72: =IF(AND(D72="",D72=""),"",$D$3&"_"&ROW()-11-COUNTBLANK($D$12:D72)) | B72: Kiểm tra trạng thái mặc định của trường nhập sđt | C72: 1. Tại màn hình đăng nhập 2. Tap vào trường sđt | D72: 1. Trường mặc định là trạng thái enable | E72: P | H72: P | Q72: P
A73: =IF(AND(D73="",D73=""),"",$D$3&"_"&ROW()-11-COUNTBLANK($D$12:D73)) | B73: Kiểm tra placeholder của trường nhập sđt | C73: 1. Tại màn hình đăng nhập 2. Kiểm tra hiển thị | D73: 1. Placeholder hiển thị "Số điện thoại" | E73: P | H73: P | Q73: P
A74: =IF(AND(D74="",D74=""),"",$D$3&"_"&ROW()-11-COUNTBLANK($D$12:D74)) | B74: Kiểm tra để trống trường sđt | C74: 1. Tại màn hình đăng nhập 2. Bỏ trống trường sđt | D74: 1. Hiển thị lỗi "Không được để trống" | E74: P | H74: P | Q74: P
A75: =IF(AND(D75="",D75=""),"",$D$3&"_"&ROW()-11-COUNTBLANK($D$12:D75)) | B75: Validate icon Xác thực khuôn mặt
A76: =IF(AND(D76="",D76=""),"",$D$3&"_"&ROW()-11-COUNTBLANK($D$12:D76)) | B76: Kiểm tra ấn icon khi người dùng có bật xác thực bằng khuôn mặt/vân tay khi chưa điền Email/Số điện thoại | C76: 1. Tại màn hình đăng nhập 2. Để troonga trường Email/Số điện thoại 3. Ấn vào icon xác thực khuôn mặt/vân tay | D76: 1. Hiển thị thông báo lỗi "Vui lòng nhập email hoặc số điện thoại" | E76: P | H76: P | Q76: P
A77: =IF(AND(D77="",D77=""),"",$D$3&"_"&ROW()-11-COUNTBLANK($D$12:D77)) | B77: Kiểm tra ấn icon khi tài khoản người dùng không bật xác thực bằng khuôn mặt/vân tay | C77: 1. Tại màn hình đăng nhập 2. Điền Email/Số điện thoại của tài khoản chưa bật xác thực 3. Ấn vào icon xác thực khuôn mặt/vân tay | D77: 1. Hiển thị thông báo lỗi "Bạn chưa bật xác thực Face ID/vân tay trong cài đặt | E77: P | H77: P | Q77: P
A78: =IF(AND(D78="",D78=""),"",$D$3&"_"&ROW()-11-COUNTBLANK($D$12:D78)) | B78: Kiểm tra ấn icon khi tài khoản người dùng đã bật xác thực bằng khuôn mặt/vân tay | C78: 1. Tại màn hình đăng nhập 2. Điền Email/Số điện thoại của tài khoản đã bật xác thực 3. Ấn vào icon xác thực khuôn mặt/vân tay | D78: 3. Hiển thị bottom sheet để người dùng thực hiện các bước xác thực | E78: P | H78: P
A79: =IF(AND(D79="",D79=""),"",$D$3&"_"&ROW()-11-COUNTBLANK($D$12:D79)) | B79: Kiểm tra ấn icon khi nhập Email/Số điện thoại không hợp lệ | C79: 1. Tại màn hình đăng nhập 2. Nhập Email/Số điện thoại không hợp lệ 3. Ấn "Tiếp tục" | D79: 3. Hệ thống hiển thị thông báo "Không tìm thấy người dùng" | E79: P | H79: P
A80: =IF(AND(D80="",D80=""),"",$D$3&"_"&ROW()-11-COUNTBLANK($D$12:D80)) | B80: Chức năng | C80: <Phần này chỉ liệt kê các testcase thực hiện kiểm tra luồng nghiệp vụ có ghi trong DTYC>
A81: =IF(AND(D81="",D81=""),"",$D$3&"_"&ROW()-11-COUNTBLANK($D$12:D81)) | B81: Chức năng đăng nhập với email
A82: =IF(AND(D82="",D82=""),"",$D$3&"_"&ROW()-11-COUNTBLANK($D$12:D82)) | B82: Đăng nhập thành công
A83: =IF(AND(D83="",D83=""),"",$D$3&"_"&ROW()-11-COUNTBLANK($D$12:D83)) | B83: Kiểm tra đăng nhập với email hợp lệ | C83: 1. Tại màn hình đăng nhập 2. Nhập email hợp lệ vào trường 3. Ấn nút tiếp tục | D83: 1. Người dùng được chuyển sang màn hình xác thực OTP | E83: P | H83: P | Q83: P
A84: =IF(AND(D84="",D84=""),"",$D$3&"_"&ROW()-11-COUNTBLANK($D$12:D84)) | B84: Kiểm tra đăng nhập với mail chưa có tài khoản | C84: 1. Tại màn hình đăng nhập 2. Nhập email hchưa đăng nhập lần nào 3. Ấn nút tiếp tục | D84: 3. Hệ thống tự tạo mới tài khoản, người dùng đăng nhập thành công | E84: P | H84: P
A85: =IF(AND(D85="",D85=""),"",$D$3&"_"&ROW()-11-COUNTBLANK($D$12:D85)) | B85: Đăng nhập không thành công
A86: =IF(AND(D86="",D86=""),"",$D$3&"_"&ROW()-11-COUNTBLANK($D$12:D86)) | B86: Kiểm tra đăng nhập với email không tồn tại | C86: 1. Tại màn hình đăng nhập 2. Nhập email không tồn tại vào trường 3. Ấn nút tiếp tục | D86: 1. Người dùng không ấn được nút "Tiếp tục" | E86: P | H86: P | Q86: P
A87: =IF(AND(D87="",D87=""),"",$D$3&"_"&ROW()-11-COUNTBLANK($D$12:D87)) | B87: Kiểm tra đăng nhập với email có tồn tại nhưng bị khóa tài khoản | C87: 1. Tại màn hình đăng nhập 2. Nhập email có tòn tại nhưng đã bị khóa vào trường 3. Ấn nút tiếp tục | D87: 1. Người dùng không ấn được nút "Tiếp tục" | E87: P | H87: P | Q87: P
A88: =IF(AND(D88="",D88=""),"",$D$3&"_"&ROW()-11-COUNTBLANK($D$12:D88)) | B88: Kiểm tra đăng nhập với email sai định dạng | C88: 1. Tại màn hình đăng nhập 2. Nhập email sai định dạng vào trường 3. Ấn nút tiếp tục | D88: 1. Người dùng không ấn được nút "Tiếp tục" | E88: P | H88: P | Q88: P
A89: =IF(AND(D89="",D89=""),"",$D$3&"_"&ROW()-11-COUNTBLANK($D$12:D89)) | B89: Kiểm tra đăng nhập với email quá dài | C89: 1. Tại màn hình đăng nhập 2. Nhập email với độ dài quá lớn vào trường 3. Ấn nút tiếp tục | D89: 1. Người dùng không ấn được nút "Tiếp tục" | E89: P | H89: P | Q89: P
A90: =IF(AND(D90="",D90=""),"",$D$3&"_"&ROW()-11-COUNTBLANK($D$12:D90)) | B90: Kiểm tra đăng nhập với email bỏ trông | C90: 1. Tại màn hình đăng nhập 2. Bỏ trống trường email 3. Ấn nút tiếp tục | D90: 1. Người dùng không ấn được nút "Tiếp tục" | E90: P | H90: P | Q90: P
A91: =IF(AND(D91="",D91=""),"",$D$3&"_"&ROW()-11-COUNTBLANK($D$12:D91)) | B91: Chức năng đăng nhập với sđt
A92: =IF(AND(D92="",D92=""),"",$D$3&"_"&ROW()-11-COUNTBLANK($D$12:D92)) | B92: Đăng nhập thành công
A93: =IF(AND(D93="",D93=""),"",$D$3&"_"&ROW()-11-COUNTBLANK($D$12:D93)) | B93: Kiểm tra đăng nhập với sđt Lào hợp lệ | C93: 1. Tại màn hình đăng nhập 2. Nhập sđt hợp lệ vào trường 3. Ấn nút tiếp tục | D93: 1. Người dùng được chuyển sang màn hình xác thực OTP | E93: P | H93: P | Q93: P
A94: =IF(AND(D94="",D94=""),"",$D$3&"_"&ROW()-11-COUNTBLANK($D$12:D94)) | B94: Đăng nhập không thành công
A95: =IF(AND(D95="",D95=""),"",$D$3&"_"&ROW()-11-COUNTBLANK($D$12:D95)) | B95: Kiểm tra đăng nhập với sđt Lào không tồn tại | C95: 1. Tại màn hình đăng nhập 2. Nhập sđt không tồn tại vào trường 3. Ấn nút tiếp tục | D95: 1. Người dùng không ấn được nút "Tiếp tục" 2. Hiển thị lỗi "Số điện thoại không hợp lệ" | E95: P | H95: P | Q95: P
A96: =IF(AND(D96="",D96=""),"",$D$3&"_"&ROW()-11-COUNTBLANK($D$12:D96)) | B96: Kiểm tra đăng nhập với sđt Lào thuộc tài khoản đã bị khóa | C96: 1. Tại màn hình đăng nhập 2. Nhập sđt của tài khoản đã bị khóa vào trường 3. Ấn nút tiếp tục | D96: 1. Người dùng không ấn được nút "Tiếp tục" 2. Hiển thị lỗi "Tài khoản đã bị khóa" | E96: P | H96: P | Q96: P
A97: =IF(AND(D97="",D97=""),"",$D$3&"_"&ROW()-11-COUNTBLANK($D$12:D97)) | B97: Kiểm tra đăng nhập với sđt Lào sai định dạng | C97: 1. Tại màn hình đăng nhập 2. Nhập sđt sai định dạng vào trường 3. Ấn nút tiếp tục | D97: 1. Người dùng không ấn được nút "Tiếp tục" | E97: P | H97: P | Q97: P
A98: =IF(AND(D98="",D98=""),"",$D$3&"_"&ROW()-11-COUNTBLANK($D$12:D98)) | B98: Kiểm tra đăng nhập với sđt Lào quá dài | C98: 1. Tại màn hình đăng nhập 2. Nhập sđt với độ dài quá lớn vào trường 3. Ấn nút tiếp tục | D98: 1. Người dùng không ấn được nút "Tiếp tục" | E98: P | H98: P | Q98: P
A99: =IF(AND(D99="",D99=""),"",$D$3&"_"&ROW()-11-COUNTBLANK($D$12:D99)) | B99: Kiểm tra đăng nhập với sđt Lào quá ngắn | C99: 1. Tại màn hình đăng nhập 2. Nhập sđt với độ dài quá lớn vào trường 3. Ấn nút tiếp tục | D99: 1. Người dùng không ấn được nút "Tiếp tục" | E99: P | H99: P | Q99: P
A100: =IF(AND(D100="",D100=""),"",$D$3&"_"&ROW()-11-COUNTBLANK($D$12:D100)) | B100: Kiểm tra đăng nhập với sđt không phải của Lào | C100: 1. Tại màn hình đăng nhập 2. Nhập sđt không phải của Lào 3. Ấn nút tiếp tục | D100: 1. Người dùng không ấn được nút "Tiếp tục" | E100: P | H100: P | Q100: P
A101: =IF(AND(D101="",D101=""),"",$D$3&"_"&ROW()-11-COUNTBLANK($D$12:D101)) | B101: Kiểm tra đăng nhập với sđt bỏ trông | C101: 1. Tại màn hình đăng nhập 2. Bỏ trống trường sđt 3. Ấn nút tiếp tục | D101: 1. Người dùng không ấn được nút "Tiếp tục" | E101: P | H101: P | Q101: P
...

Sheet 2. Splash screen
C1: KỊCH BẢN KIỂM THỬ *
C2: Tên màn hình/Tên chức năng | D2: Splash screen
C3: Mã trường hợp kiểm thử | D3: WBS-2
C4: Số trường hợp kiểm thử đạt (P) | D4: =COUNTIF($Q$12:$Q$1022,"P")
C5: Số trường hợp kiểm thử không đạt (F) | D5: =COUNTIF($Q$12:$Q$1022,"F")
C6: Số trường hợp kiểm thử đang xem xét (PE) | D6: =COUNTIF($Q$12:$Q$1022,"PE")
C7: Số trường hợp kiểm thử chưa thực hiện | D7: =D8-D4-D5-D6
C8: Tổng số trường hợp kiểm thử | D8: =COUNTA($D$13:$D$1022)
A10: Mã test case | B10: Mục đích kiểm thử | C10: Các bước thực hiện | D10: Kết quả mong muốn | E10: Android | H10: IOS | K10: <Tên trình duyệt 3> | N10: <Tên trình duyệt 4> | Q10: Kết quả hiện tại | R10: Mã lỗi | S10: Ghi chú | T10: Ngày test | U10: Người test
E11: Lần 1 | F11: Lần 2 | G11: Lần 3 | H11: Lần 1 | I11: Lần 2 | J11: Lần 3 | K11: Lần 1 | L11: Lần 2 | M11: Lần 3 | N11: Lần 1 | O11: Lần 2 | P11: Lần 3
A12: =IF(AND(D12="",D12=""),"",$D$3&"_"&ROW()-11-COUNTBLANK($D$12:D12)) | B12: WBS 2.5: MÀN HÌNH SPLASH SCREEN
A13: =IF(AND(D13="",D13=""),"",$D$3&"_"&ROW()-11-COUNTBLANK($D$12:D13)) | B13: Tiền điều kiện | C13: • Người dùng đã cài đặt ứng dụng LaoOne. • Thiết bị có kết nối Internet. (app không có trong bộ nhớ đệm)
A14: =IF(AND(D14="",D14=""),"",$D$3&"_"&ROW()-11-COUNTBLANK($D$12:D14)) | B14: Giao diện
A15: =IF(AND(D15="",D15=""),"",$D$3&"_"&ROW()-11-COUNTBLANK($D$12:D15)) | B15: Giao diện chung
A16: =IF(AND(D16="",D16=""),"",$D$3&"_"&ROW()-11-COUNTBLANK($D$12:D16)) | B16: Kiểm tra hiển thị splash khi mở app | C16: 1. Tap mở app từ màn hình điện thoại | D16: 1. Hiển thị splash ngay lập tức | E16: P | H16: P | Q16: P
A17: =IF(AND(D17="",D17=""),"",$D$3&"_"&ROW()-11-COUNTBLANK($D$12:D17)) | B17: Kiểm tra animation nền | C17: 1. Quan sát sau khi mở app | D17: 1. Hiển thị hiệu ứng ánh sáng rọi từ trên xuống 2. Hiển thị đúng màu sắc như ở Figma | E17: P | H17: P | Q17: P
A18: =IF(AND(D18="",D18=""),"",$D$3&"_"&ROW()-11-COUNTBLANK($D$12:D18)) | B18: Kiểm tra hiển thị logo | C18: 1. Quan sát sau khi mở app | D18: 1. Hiển thị hiệu ứng ánh sáng rõ dần 2. Màu sắc các chữ cái hiển thị như figma: chữ O có 2 màu xanh và vàng, 4 chữ cái còn lại màu bạc 3. Text căn đúng vị trí, không lệch giữa các thiết bị | E18: P | H18: P | Q18: P
A19: =IF(AND(D19="",D19=""),"",$D$3&"_"&ROW()-11-COUNTBLANK($D$12:D19)) | C19: 1. Quan sát sau khi mở app | D19: 1. Trình tự hiển thị logo: - Chữ O hiển thị đầu tiên - Chữ LA hiển thị dần sau khi chữ O đã hiển thị - Cuối cùng hiển thị hai chữ NE | E19: P | H19: P | Q19: P
A20: =IF(AND(D20="",D20=""),"",$D$3&"_"&ROW()-11-COUNTBLANK($D$12:D20)) | C20: Hình ảnh | E20: P | H20: P | Q20: P
A21: =IF(AND(D21="",D21=""),"",$D$3&"_"&ROW()-11-COUNTBLANK($D$12:D21)) | B21: Kiểm tra xoay ngang màn hình | C21: 1. Quan sát sau khi mở app | D21: 1. Splash hiển thị responsive theo màn | E21: P | H21: P | Q21: P
A22: =IF(AND(D22="",D22=""),"",$D$3&"_"&ROW()-11-COUNTBLANK($D$12:D22)) | B22: Kiểm tra với dark mode/ light mode của điện thoại | C22: 1. Quan sát sau khi mở app | D22: 1. Splash không bị ảnh hưởng | E22: P | H22: P | Q22: P
A23: =IF(AND(D23="",D23=""),"",$D$3&"_"&ROW()-11-COUNTBLANK($D$12:D23)) | B23: Kiểm tra thứ tự hiển thị màn hình Splash | C23: 1. Quan sát hiển thị | D23: 1. Hiển thị đúng trình tự: - Luồng sáng màu vàng và xanh từ 2 bên màn hình - Chữ O với 2 nửa màu xanh và vàng được tạo thành - Có đổ bóng dưới logo - Hiển thị đầy đủ text Laone | E23: P | H23: P | Q23: P
A24: =IF(AND(D24="",D24=""),"",$D$3&"_"&ROW()-11-COUNTBLANK($D$12:D24)) | B24: Kiểm tra thoát giữa splash | C24: 1. Quan sát hiển thị | D24: 1. Không crash 2. Khi vào lại app hiển thị tiếp nối splash khi out | E24: P | H24: P | Q24: P
A25: =IF(AND(D25="",D25=""),"",$D$3&"_"&ROW()-11-COUNTBLANK($D$12:D25)) | B25: Kiểm tra điều hướng sau splash | C25: 1. Quan sát hiển thị | D25: 1. Người dùng được đưa tới màn đăng nhập 2. Mặc định ở chế độ sáng 3. Transition mượt, không giật lag, không có độ trễ | E25: P | H25: P | Q25: P
A26: =IF(AND(D26="",D26=""),"",$D$3&"_"&ROW()-11-COUNTBLANK($D$12:D26)) | B26: Kiểm tra hiển thị animation | C26: 1. Quan sát hiển thị | D26: 1. Hiệu ứng hiển thị mượt, chạy liên tục, không bị đóng băng giữa chừng, đủ các frame 2. Không giật lag, reset đột ngột | E26: P | H26: P | Q26: P
A27: =IF(AND(D27="",D27=""),"",$D$3&"_"&ROW()-11-COUNTBLANK($D$12:D27)) | B27: Kiểm tra hiển thị animation khi không có kết nối mạng | C27: 1. Quan sát hiển thị | D27: 1. Hiệu ứng hiển thị mượt, không bị dừng, không crash, giật lag | E27: P | H27: P | Q27: P

Sheet 3. Survey đăng nhập
C1: KỊCH BẢN KIỂM THỬ *
C2: Tên màn hình/Tên chức năng | D2: Surbvey đăng nhập
C3: Mã trường hợp kiểm thử | D3: WBS-3
C4: Số trường hợp kiểm thử đạt (P) | D4: =COUNTIF($Q$12:$Q$882,"P")
C5: Số trường hợp kiểm thử không đạt (F) | D5: =COUNTIF($Q$12:$Q$882,"F")
C6: Số trường hợp kiểm thử đang xem xét (PE) | D6: =COUNTIF($Q$12:$Q$882,"PE")
C7: Số trường hợp kiểm thử chưa thực hiện | D7: =D8-D4-D5-D6
C8: Tổng số trường hợp kiểm thử | D8: =COUNTA($D$12:$D$882)
A10: Mã test case | B10: Mục đích kiểm thử | C10: Các bước thực hiện | D10: Kết quả mong muốn | E10: Android | H10: IOS | K10: <Tên trình duyệt 3> | N10: <Tên trình duyệt 4> | Q10: Kết quả hiện tại | R10: Ghi chú | S10: Ngày test | T10: Người test
E11: Lần 1 | F11: Lần 2 | G11: Lần 3 | H11: Lần 1 | I11: Lần 2 | J11: Lần 3 | K11: Lần 1 | L11: Lần 2 | M11: Lần 3 | N11: Lần 1 | O11: Lần 2 | P11: Lần 3
A12: =IF(AND(D12="",D12=""),"",$D$3&"_"&ROW()-11-COUNTBLANK($D$12:D12)) | B12: WBS 3.8: MÀN HÌNH SURVEY ĐĂNG NHẬP
A13: =IF(AND(D13="",D13=""),"",$D$3&"_"&ROW()-11-COUNTBLANK($D$12:D13)) | B13: Tiền điều kiện | C13: Người dùng đã đăng nhập thành công
A14: =IF(AND(D14="",D14=""),"",$D$3&"_"&ROW()-11-COUNTBLANK($D$12:D14)) | B14: Survey step 1
A15: =IF(AND(D15="",D15=""),"",$D$3&"_"&ROW()-11-COUNTBLANK($D$12:D15)) | B15: Giao diện
A16: =IF(AND(D16="",D16=""),"",$D$3&"_"&ROW()-11-COUNTBLANK($D$12:D16)) | B16: Giao diện chung
A17: =IF(AND(D17="",D17=""),"",$D$3&"_"&ROW()-11-COUNTBLANK($D$12:D17)) | B17: Kiểm tra giao diện hiển thị màn Survey | C17: 1. Tại màn hình Survey 2. Kiểm tra hiển thị | D17: 1. Hiển thị màn hình: - Thanh tiến trình - Phân trang - Tiêu đề "Thông tin về bạn" +mô tả - Textbox: Họ tên, Số điện thoại, đơn vị, địa chỉ - Button "Xác nhận/ Bỏ qua" | E17: P | H17: P | Q17: P
A18: =IF(AND(D18="",D18=""),"",$D$3&"_"&ROW()-11-COUNTBLANK($D$12:D18)) | C18: Hình ảnh | E18: P | H18: P | Q18: P
A19: =IF(AND(D19="",D19=""),"",$D$3&"_"&ROW()-11-COUNTBLANK($D$12:D19)) | B19: Kiểm tra tổng thể giao diện màn hình | C19: 1. Kiểm tra chính tả, bố cục, màu chữ, font chữ | D19: 1. Đúng chính tả, bố cục tương xứng, màu sắc, font chữ với prototype | E19: P | H19: P | Q19: P
A20: =IF(AND(D20="",D20=""),"",$D$3&"_"&ROW()-11-COUNTBLANK($D$12:D20)) | C20: Kiểm tra label, textbox, button , lỗi chính tả | D20: 1. Các label, textbox có độ dài, rộng và khoảng cách bằng nhau, không xô lệch 2. Các label sử dụng cùng 1 loại font, cỡ chữ, căn lề trái 3. Kiểm tra tất cả lỗi về chính tả, cấu trúc câu, ngữ pháp | E20: P | H20: P | Q20: P
A21: =IF(AND(D21="",D21=""),"",$D$3&"_"&ROW()-11-COUNTBLANK($D$12:D21)) | C21: 1. Trượt lên, trượt xuống | D21: 1. Màn hình tương ứng và không bị vỡ giao diện. | E21: P | H21: P | Q21: P
A22: =IF(AND(D22="",D22=""),"",$D$3&"_"&ROW()-11-COUNTBLANK($D$12:D22)) | B22: Kiểm tra hiển thị giao diện trong khung màn hình (không tràn, không scroll ngang) | C22: 1. Tại màn hình Survey 2. Quan sát giao diện ở độ phân giải màn hình tiêu chuẩn | D22: 2. Toàn bộ nội dung hiển thị trong khung màn hình - Không có thành phần UI nào bị tràn khung hoặc che khuất - Không xuất hiện thanh scroll ngang | E22: P | H22: P | Q22: P
A23: =IF(AND(D23="",D23=""),"",$D$3&"_"&ROW()-11-COUNTBLANK($D$12:D23)) | B23: Kiểm tra hiển thị khi ngắt kết nối mạng | C23: 1. Tại màn hình Survey 2. Ngắt kết nối mạng | D23: 2. Hiển thị thông báo "Không thể kết nối đến máy chủ. Vui lòng kiểm tra lại kết nối" | E23: P | H23: P | Q23: P
A24: =IF(AND(D24="",D24=""),"",$D$3&"_"&ROW()-11-COUNTBLANK($D$12:D24)) | B24: Kiểm tra hiển thị khi kết nối lại mạng | C24: 1. Tại màn hình Survey 2. Kết nối lại mạng | D24: 2. Load tiếp trang và hiểu thị giao diện Trang chủ | E24: P | H24: P | Q24: P
A25: =IF(AND(D25="",D25=""),"",$D$3&"_"&ROW()-11-COUNTBLANK($D$12:D25)) | B25: Kiểm tra hiển thị nút Quay lại | C25: 1. Tại màn hình Survey 2. Kiểm tra hiển thị | D25: 1. Hiển thị kích thước, màu sắc như figma | E25: P | H25: P | Q25: P
A26: =IF(AND(D26="",D26=""),"",$D$3&"_"&ROW()-11-COUNTBLANK($D$12:D26)) | B26: Kiểm tra hiển thị Thanh tiến trình | C26: 1. Tại màn hình Survey 2. Kiểm tra hiển thị | D26: 2. Hiển thị hiệu ứng màu xanh trên thanh tiến trình tương ứng với trang đang mở | E26: P | H26: P | Q26: P
A27: =IF(AND(D27="",D27=""),"",$D$3&"_"&ROW()-11-COUNTBLANK($D$12:D27)) | B27: Kiểm tra hiển thị khi chuyển sang Step tiếp theo | C27: 1. Tại màn hình Survey 2. Kiểm tra hiển thị | D27: 2. Chuyển từ màu xám thành màu xanh đối với step mới, step cũ chuyển lại về màu xám. Hiệu ứng chuyển mượt mà | E27: P | H27: P | Q27: P
A28: =IF(AND(D28="",D28=""),"",$D$3&"_"&ROW()-11-COUNTBLANK($D$12:D28)) | B28: Kiểm tra hiển thị số trang | C28: 1. Tại màn hình Survey 2. Kiểm tra hiển thị | D28: 2. Số trang hiển thị khớp với vị trí step hiện tại đang ở | E28: P | H28: P | Q28: P
A29: =IF(AND(D29="",D29=""),"",$D$3&"_"&ROW()-11-COUNTBLANK($D$12:D29)) | B29: Kiểm tra hiển thị số trang khi chuyển step | C29: 1. Tại màn hình Survey 2. Kiểm tra hiển thị | D29: 2. Số trang tăng/giảm ứng với vị trí step hiện tại đang ở | E29: P | H29: P | Q29: P
A30: =IF(AND(D30="",D30=""),"",$D$3&"_"&ROW()-11-COUNTBLANK($D$12:D30)) | B30: Kiểm tra Label tiêu đề | C30: 1. Tại màn hình Survey 2. Kiểm tra hiển thị | D30: 2. Hiển thị text "Thông tin về bạn" | E30: P | H30: P | Q30: P
A31: =IF(AND(D31="",D31=""),"",$D$3&"_"&ROW()-11-COUNTBLANK($D$12:D31)) | B31: Kiểm tra hiển thị textbox | C31: 1. Tại màn hình Survey 2. Kiểm tra hiển thị | D31: 2. Các textbox hiển thị kích thước, màu sắc, vị trí như figma. Các placeholder text hiển thị chính xác | E31: P | H31: P | Q31: P
A32: =IF(AND(D32="",D32=""),"",$D$3&"_"&ROW()-11-COUNTBLANK($D$12:D32)) | B32: Kiểm tra hiển thị button Xác nhận | C32: 1. Tại màn hình Survey 2. Kiểm tra hiển thị | D32: 2. Hiển thị màu sắc, kích thước, vị trí như Figma | E32: P | H32: P | Q32: P
A33: =IF(AND(D33="",D33=""),"",$D$3&"_"&ROW()-11-COUNTBLANK($D$12:D33)) | B33: Kiểm tra hiển thị button Bỏ qua | C33: 1. Tại màn hình Survey 2. Kiểm tra hiển thị | D33: 2. Hiển thị màu sắc, kích thước, vị trí như Figma | E33: P | H33: P | Q33: P
A34: =IF(AND(D34="",D34=""),"",$D$3&"_"&ROW()-11-COUNTBLANK($D$12:D34)) | B34: Kiểm tra hiển thị progress | C34: 1. Tại màn hình survey 2. Điền thông tin và ấn xác nhận 3. Kiểm tra hiển thị | D34: 3. Hiển thị số số trang khớp với step: vd: Step 1 hiển thị 1/3 - Thanh tiến trình đổi màu đúng trạng thái | E34: P | H34: P | Q34: P
A35: =IF(AND(D35="",D35=""),"",$D$3&"_"&ROW()-11-COUNTBLANK($D$12:D35)) | B35: Validate
A36: =IF(AND(D36="",D36=""),"",$D$3&"_"&ROW()-11-COUNTBLANK($D$12:D36)) | B36: Validate trường Họ và tên
A37: =IF(AND(D37="",D37=""),"",$D$3&"_"&ROW()-11-COUNTBLANK($D$12:D37)) | B37: Kiểm tra trường bắt buộc | C37: 1. Để trống trường họ và tên 2. Click Xác nhận | D37: 2. Hiển thị thông báo lỗi "Không được để trống" | E37: P | H37: P | Q37: P
A38: =IF(AND(D38="",D38=""),"",$D$3&"_"&ROW()-11-COUNTBLANK($D$12:D38)) | B38: Kiểm tra placeholder | C38: 1. Quan sát textbox khi chưa nhập 2. Hover/click vào textbox | D38: 2. placeholder hiển thị là 'Họ và tên' | E38: P | H38: P | Q38: P
A39: =IF(AND(D39="",D39=""),"",$D$3&"_"&ROW()-11-COUNTBLANK($D$12:D39)) | B39: Kiểm tra trạng thái mặc định | C39: 1. Tại màn hình Thông tin về bạn | D39: 1. Enable | E39: P | H39: P | Q39: P
A40: =IF(AND(D40="",D40=""),"",$D$3&"_"&ROW()-11-COUNTBLANK($D$12:D40)) | B40: Kiểm tra nhập họ và tên hợp lệ | C40: 1. Tại màn hình Thông tin về bạn 2. Nhập giá trị họ và tên hợp lệ vào textbox | D40: 2. Ghi nhận giá trị đã nhập | E40: P | H40: P | Q40: P
A41: =IF(AND(D41="",D41=""),"",$D$3&"_"&ROW()-11-COUNTBLANK($D$12:D41)) | B41: Kiểm tra nhập text có chứa chữ thường | C41: 1. Click textbox 2. Nhập chữ thường 'abc' | D41: 2. Cho phép nhập - Hiển thị giá trị đã nhập | E41: P | H41: P | Q41: P
A42: =IF(AND(D42="",D42=""),"",$D$3&"_"&ROW()-11-COUNTBLANK($D$12:D42)) | B42: Kiêm tra nhâp text có chứa chữ hoa | C42: 1. Click textbox 2. Nhập chữ hoa 'ABC' | D42: 2. Cho phép nhập - Hiển thị giá trị đã nhập | E42: P | H42: P | Q42: P
A43: =IF(AND(D43="",D43=""),"",$D$3&"_"&ROW()-11-COUNTBLANK($D$12:D43)) | B43: Kiểm tra nhập tiếng Việt có dấu | C43: 1. Click textbox 2. Nhập dữ liệu: ' xin chào' | D43: 2. Cho phép nhập - Hiển thị giá trị đã nhập | E43: P | H43: P | Q43: P
A44: =IF(AND(D44="",D44=""),"",$D$3&"_"&ROW()-11-COUNTBLANK($D$12:D44)) | B44: Kiểm tra nhập ký tự đặc biệt | C44: 1. Click textbox 2. Nhập ký tự đặc biệt '@#' | D44: 2. Hiển thị thông báo lỗi "Thông tin không hợp lệ" | E44: P | H44: P | Q44: P
A45: =IF(AND(D45="",D45=""),"",$D$3&"_"&ROW()-11-COUNTBLANK($D$12:D45)) | B45: Kiểm tra nhập số | C45: 1. Click textbox 2. Nhập ký tự số '123' | D45: 2. Hiển thị thông báo lỗi "Thông tin không hợp lệ" | E45: P | H45: P | Q45: P
A46: =IF(AND(D46="",D46=""),"",$D$3&"_"&ROW()-11-COUNTBLANK($D$12:D46)) | B46: Kiểm tra trường hợp nhập giá trị ký tự là chữ vào textbox | C46: 1. Tại màn hình Thông tin về bạn 2. Người dùng nhập giá trị có ký tự là chữ 3. Kiểm tra hiển thị | D46: 1. Ghi nhận giá trị đã nhập | E46: P | H46: P | Q46: P
A47: =IF(AND(D47="",D47=""),"",$D$3&"_"&ROW()-11-COUNTBLANK($D$12:D47)) | B47: Kiểm tra nhập ký tự đặc biệt, emoji vào textbox | C47: 1. Nhập ký tự đặc biệt vào textbox 2. Kiểm tra textbox Họ và tên hiển thị | D47: 1. Hiển thị lỗi "Thông tin không hợp lệ" | E47: P | H47: P | Q47: P
A48: =IF(AND(D48="",D48=""),"",$D$3&"_"&ROW()-11-COUNTBLANK($D$12:D48)) | B48: Kiểm tra nhập script vào textbox | C48: 1. Tại màn hình Thông tin về bạn 2. Nhập <b>testhovaten</b>" | D48: 1. Hiển thị lỗi "Thông tin không hợp lệ" | E48: P | H48: P | Q48: P
... A51: =IF(AND(D51="",D51=""),"",$D$3&"_"&ROW()-11-COUNTBLANK($D$12:D51)) | B51: Kiểm tra xóa giá trị đã nhập tại textbox | C51: 1. Tại màn hình Thông tin về bạn 2. Xóa dữ liệu họ và tên hợp lệ | D51: 1. Xóa thành công | E51: P | H51: P | Q51: P
A52: =IF(AND(D52="",D52=""),"",$D$3&"_"&ROW()-11-COUNTBLANK($D$12:D52)) | B52: Validate trường số điện thoại
A53: =IF(AND(D53="",D53=""),"",$D$3&"_"&ROW()-11-COUNTBLANK($D$12:D53)) | B53: Kiểm tra trường bắt buộc | C53: 1. Để trống trường số điện thoại 2. Click Xác nhận | D53: 2. Hiển thị thông báo lỗi "Không được để trống" | E53: P | H53: P | Q53: P
A54: =IF(AND(D54="",D54=""),"",$D$3&"_"&ROW()-11-COUNTBLANK($D$12:D54)) | B54: Kiểm tra placeholder | C54: 1. Quan sát textbox khi chưa nhập 2. Hover/click vào textbox | D54: 2. placeholder hiển thị là 'Số điện thoại' | E54: P | H54: P | Q54: P
A55: =IF(AND(D55="",D55=""),"",$D$3&"_"&ROW()-11-COUNTBLANK($D$12:D55)) | B55: Kiểm tra trạng thái mặc định | C55: 1. Tại màn hình Thông tin về bạn | D55: 1. Enable | E55: P | H55: P | Q55: P
A56: =IF(AND(D56="",D56=""),"",$D$3&"_"&ROW()-11-COUNTBLANK($D$12:D56)) | B56: Kiểm tra nhập số điện thoại hợp lệ | C56: 1. Tại màn hình Thông tin về bạn 2. Nhập sđt hợp lệ vào trường | D56: 1. Ghi nhận giá trị đã nhập | E56: P | H56: P | Q56: P
A57: =IF(AND(D57="",D57=""),"",$D$3&"_"&ROW()-11-COUNTBLANK($D$12:D57)) | B57: Kiểm tra nhập sđt không tồn tại | C57: 1. Tại màn hình Thông tin về bạn 2. Nhập sđt không tồn tại | D57: 1. Hiển thị lỗi "Số điện thoại không tồn tại" | E57: P | H57: P | Q57: P
A58: =IF(AND(D58="",D58=""),"",$D$3&"_"&ROW()-11-COUNTBLANK($D$12:D58)) | B58: Kiểm tra nhập sđt sai dịnh dạng | C58: 1. Tại màn hình Thông tin về bạn 2. Nhập sđt sai định dạng | D58: 1. Hiển thị lỗi " Số điện thoại sai định dạng" | E58: P | H58: P | Q58: P
A59: =IF(AND(D59="",D59=""),"",$D$3&"_"&ROW()-11-COUNTBLANK($D$12:D59)) | B59: Kiểm tra trường hợp nhập giá trị ký tự là chữ vào textbox | C59: 1. Tại màn hình Thông tin về bạn 2. Người dùng nhập giá trị có ký tự là chữ | D59: 2. Không hiển thị giá trị nhập | E59: P | H59: P | Q59: P
A60: =IF(AND(D60="",D60=""),"",$D$3&"_"&ROW()-11-COUNTBLANK($D$12:D60)) | B60: Kiểm tra nhập all space | C60: 1. Click textbox 2. Nhập khoảng trắng " " | D60: 2. Hiển thị thông báo lỗi " Không được để trống" | E60: P | H60: P | Q60: P
A61: =IF(AND(D61="",D61=""),"",$D$3&"_"&ROW()-11-COUNTBLANK($D$12:D61)) | B61: Kiểm tra nhập text có khoảng trắng đầu cuối | C61: 1. Click textbox 2. Nhập kí tự có khoảng trắng đầu cuối ' 17474' | D61: 2. Cho phép nhập | E61: P | H61: P | Q61: P
A62: =IF(AND(D62="",D62=""),"",$D$3&"_"&ROW()-11-COUNTBLANK($D$12:D62)) | B62: Kiểm tra nhập sđt có độ dài >10 chữ số | C62: 1. Tại màn hình Thông tin về bạn 2. Nhập sđt dài hơn 10 chữ số | D62: 2. Hiển thị lỗi "Số điện thoại không hợp lệ" | E62: P | H62: P | Q62: P
A63: =IF(AND(D63="",D63=""),"",$D$3&"_"&ROW()-11-COUNTBLANK($D$12:D63)) | B63: Kiểm tra nhập sđt quá ngắn | C63: 1. Tại màn hình Thông tin về bạn 2. Nhập sđt ít hơn 8 chữ số | D63: 2. Hiển thị lỗi "Số điện thoại không hợp lệ" | E63: P | H63: P | Q63: P
A64: =IF(AND(D64="",D64=""),"",$D$3&"_"&ROW()-11-COUNTBLANK($D$12:D64)) | B64: Kiểm tra nhập sđt sai đâu số mạng di động | C64: 1. Tại màn hình Thông tin về bạn 2. Nhập sđt có đầu số không hợp lệ | D64: 2. Hiển thị lỗi "Số điện thoại không hợp lệ" | E64: P | H64: P | Q64: P
... A67: =IF(AND(D67="",D67=""),"",$D$3&"_"&ROW()-11-COUNTBLANK($D$12:D67)) | B67: Kiểm tra paste sđt hợp lệ vào trường | C67: 1. Tại màn hình Thông tin về bạn 2. Paste sđt hợp lệ vào trường | D67: 1. Ghi nhận giá trị | E67: P | H67: P | Q67: P
A68: =IF(AND(D68="",D68=""),"",$D$3&"_"&ROW()-11-COUNTBLANK($D$12:D68)) | B68: Validate trường Đơn vị
A69: =IF(AND(D69="",D69=""),"",$D$3&"_"&ROW()-11-COUNTBLANK($D$12:D69)) | B69: Kiểm tra trường bắt buộc | C69: 1. Để tróng trường Đơn vị 2. Click Xác nhận | D69: 2. Cho phép để trống | E69: P | H69: P | Q69: P
A70: =IF(AND(D70="",D70=""),"",$D$3&"_"&ROW()-11-COUNTBLANK($D$12:D70)) | B70: Kiểm tra placeholder | C70: 1. Quan sát textbox khi chưa nhập 2. Hover/click vào textbox | D70: 2. placeholder hiển thị là 'Đơn vị' | E70: P | H70: P | Q70: P
A71: =IF(AND(D71="",D71=""),"",$D$3&"_"&ROW()-11-COUNTBLANK($D$12:D71)) | B71: Kiểm tra trạng thái mặc định | C71: 1. Tại màn hình Thông tin về bạn | D71: 1. Enable | E71: P | H71: P | Q71: P
A72: =IF(AND(D72="",D72=""),"",$D$3&"_"&ROW()-11-COUNTBLANK($D$12:D72)) | B72: Kiểm tra nhập Đơn vị hợp lệ | C72: 1. Tại màn hình Thông tin về bạn 2. Nhập giá trị Đơn vị hợp lệ vào textbox | D72: 2. Ghi nhận giá trị đã nhập | E72: P | H72: P | Q72: P
A73: =IF(AND(D73="",D73=""),"",$D$3&"_"&ROW()-11-COUNTBLANK($D$12:D73)) | B73: Kiểm tra nhập all space | C73: 1. Click textbox 2. Nhập khoảng trắng " " | D73: 2. Hệ thống không crash, cho phép nhập nhưng không tự động chạy tìm kiếm | E73: P | H73: P | Q73: P
A74: =IF(AND(D74="",D74=""),"",$D$3&"_"&ROW()-11-COUNTBLANK($D$12:D74)) | B74: Kiểm tra nhập text có khoảng trắng đầu cuối | C74: 1. Click textbox 2. Nhập kí tự có khoảng trắng đầu cuối ' abc ' | D74: 2. Cho phép nhập | E74: P | H74: P | Q74: P
A75: =IF(AND(D75="",D75=""),"",$D$3&"_"&ROW()-11-COUNTBLANK($D$12:D75)) | B75: Kiểm tra nhập text có chứa chữ thường | C75: 1. Click textbox 2. Nhập chữ thường 'abc' | D75: 2. Cho phép nhập - Hiển thị giá trị đã nhập | E75: P | H75: P | Q75: P
A76: =IF(AND(D76="",D76=""),"",$D$3&"_"&ROW()-11-COUNTBLANK($D$12:D76)) | B76: Kiêm tra nhâp text có chứa chữ hoa | C76: 1. Click textbox 2. Nhập chữ hoa 'ABC' | D76: 2. Cho phép nhập - Hiển thị giá trị đã nhập | E76: P | H76: P | Q76: P
A77: =IF(AND(D77="",D77=""),"",$D$3&"_"&ROW()-11-COUNTBLANK($D$12:D77)) | B77: Kiểm tra nhập tiếng Việt có dấu | C77: 1. Click textbox 2. Nhập dữ liệu: ' xin chào' | D77: 2. Cho phép nhập - Hiển thị giá trị đã nhập | E77: P | H77: P | Q77: P
A78: =IF(AND(D78="",D78=""),"",$D$3&"_"&ROW()-11-COUNTBLANK($D$12:D78)) | B78: Kiểm tra nhập ký tự đặc biệt | C78: 1. Click textbox 2. Nhập ký tự đặc biệt '@#' | D78: 2. Cho phép nhập - Hiển thị giá trị đã nhập | E78: P | H78: P | Q78: P
A79: =IF(AND(D79="",D79=""),"",$D$3&"_"&ROW()-11-COUNTBLANK($D$12:D79)) | B79: Kiểm tra nhập số | C79: 1. Click textbox 2. Nhập ký tự số '123' | D79: 2. Cho phép nhập - Hiển thị giá trị đã nhập | E79: P | H79: P | Q79: P
A80: =IF(AND(D80="",D80=""),"",$D$3&"_"&ROW()-11-COUNTBLANK($D$12:D80)) | B80: Kiểm tra trường hợp nhập giá trị ký tự là chữ vào textbox | C80: 1. Tại màn hình Thông tin về bạn 2. Người dùng nhập giá trị có ký tự là chữ 3. Kiểm tra hiển thị | D80: 1. Ghi nhận giá trị đã nhập | E80: P | H80: P | Q80: P
... A85: =IF(AND(D85="",D85=""),"",$D$3&"_"&ROW()-11-COUNTBLANK($D$12:D85)) | B85: Kiểm tra xóa giá trị đã nhập tại textbox | C85: 1. Tại màn hình Thông tin về bạn 2. Xóa dữ liệu Đơn vị hợp lệ | D85: 1. Xóa thành công | E85: P | H85: P | Q85: P
A86: =IF(AND(D86="",D86=""),"",$D$3&"_"&ROW()-11-COUNTBLANK($D$12:D86)) | B86: Validate trường Địa chỉ
A87: =IF(AND(D87="",D87=""),"",$D$3&"_"&ROW()-11-COUNTBLANK($D$12:D87)) | B87: Kiểm tra trường bắt buộc | C87: 1. Để tróng trường Địa chỉ 2. Click Xác nhận | D87: 2. Cho phép để trống | E87: P | H87: P | Q87: P
A88: =IF(AND(D88="",D88=""),"",$D$3&"_"&ROW()-11-COUNTBLANK($D$12:D88)) | B88: Kiểm tra placeholder | C88: 1. Quan sát textbox khi chưa nhập 2. Hover/click vào textbox | D88: 2. placeholder hiển thị là 'Địa chỉ' | E88: P | H88: P | Q88: P
A89: =IF(AND(D89="",D89=""),"",$D$3&"_"&ROW()-11-COUNTBLANK($D$12:D89)) | B89: Kiểm tra nhập Địa chỉ hợp lệ | C89: 1. Tại màn hình Thông tin về bạn 2. Nhập giá trị Địa chỉ hợp lệ vào textbox | D89: 2. Ghi nhận giá trị đã nhập | E89: P | H89: P | Q89: P
A90: =IF(AND(D90="",D90=""),"",$D$3&"_"&ROW()-11-COUNTBLANK($D$12:D90)) | B90: Kiểm tra nhập all space | C90: 1. Click textbox 2. Nhập khoảng trắng " " | D90: 2. Hệ thống không crash, cho phép nhập nhưng không tự động chạy tìm kiếm | E90: P | H90: P | Q90: P
A91: =IF(AND(D91="",D91=""),"",$D$3&"_"&ROW()-11-COUNTBLANK($D$12:D91)) | B91: Kiểm tra nhập text có khoảng trắng đầu cuối | C91: 1. Click textbox 2. Nhập kí tự có khoảng trắng đầu cuối ' abc ' | D91: 2. Cho phép nhập - Hệ thống tự trim space | E91: P | H91: P | Q91: P
A92: =IF(AND(D92="",D92=""),"",$D$3&"_"&ROW()-11-COUNTBLANK($D$12:D92)) | B92: Kiểm tra nhập text có chứa chữ thường | C92: 1. Click textbox 2. Nhập chữ thường 'abc' | D92: 2. Cho phép nhập - Hiển thị giá trị đã nhập | E92: P | H92: P | Q92: P
A93: =IF(AND(D93="",D93=""),"",$D$3&"_"&ROW()-11-COUNTBLANK($D$12:D93)) | B93: Kiêm tra nhâp text có chứa chữ hoa | C93: 1. Click textbox 2. Nhập chữ hoa 'ABC' | D93: 2. Cho phép nhập - Hiển thị giá trị đã nhập | E93: P | H93: P | Q93: P
A94: =IF(AND(D94="",D94=""),"",$D$3&"_"&ROW()-11-COUNTBLANK($D$12:D94)) | B94: Kiểm tra nhập tiếng Việt có dấu | C94: 1. Click textbox 2. Nhập dữ liệu: ' xin chào' | D94: 2. Cho phép nhập - Hiển thị giá trị đã nhập | E94: P | H94: P | Q94: P
A95: =IF(AND(D95="",D95=""),"",$D$3&"_"&ROW()-11-COUNTBLANK($D$12:D95)) | B95: Kiểm tra nhập ký tự đặc biệt | C95: 1. Click textbox 2. Nhập ký tự đặc biệt '@#' | D95: 2. Cho phép nhập - Hiển thị giá trị đã nhập | E95: P | H95: P | Q95: P
A96: =IF(AND(D96="",D96=""),"",$D$3&"_"&ROW()-11-COUNTBLANK($D$12:D96)) | B96: Kiểm tra nhập số | C96: 1. Click textbox 2. Nhập ký tự số '123' | D96: 2. Cho phép nhập - Hiển thị giá trị đã nhập | E96: P | H96: P | Q96: P
A97: =IF(AND(D97="",D97=""),"",$D$3&"_"&ROW()-11-COUNTBLANK($D$12:D97)) | B97: Kiểm tra trường hợp nhập giá trị ký tự là chữ vào textbox | C97: 1. Tại màn hình Thông tin về bạn 2. Người dùng nhập giá trị có ký tự là chữ 3. Kiểm tra hiển thị | D97: 1. Ghi nhận giá trị đã nhập | E97: P | H97: P | Q97: P
A98: =IF(AND(D98="",D98=""),"",$D$3&"_"&ROW()-11-COUNTBLANK($D$12:D98)) | B98: Kiểm tra nhập ký tự đặc biệt, emoji vào textbox | C98: 1. Nhập ký tự đặc biệt vào textbox 2. Kiểm tra textbox Địa chỉ hiển thị | D98: 1. Hiển thị lỗi "Thông tin không hợp lệ" | E98: P | H98: P | Q98: P
... A103: =IF(AND(D103="",D103=""),"",$D$3&"_"&ROW()-11-COUNTBLANK($D$12:D103)) | B103: Kiểm tra xóa giá trị đã nhập tại textbox | C103: 1. Tại màn hình Thông tin về bạn 2. Xóa dữ liệu Địa chỉ hợp lệ | D103: 1. Xóa thành công | E103: P | H103: P | Q103: P
A104: =IF(AND(D104="",D104=""),"",$D$3&"_"&ROW()-11-COUNTBLANK($D$12:D104)) | B104: Button Xác nhận
A105: =IF(AND(D105="",D105=""),"",$D$3&"_"&ROW()-11-COUNTBLANK($D$12:D105)) | B105: Kiểm tra hiển thị button Xác nhận mặc định | C105: 1. Tại màn hình Survey 1 | D105: 1. button Xác nhận hiển thị rõ ràng, không bị mờ/ẩn | E105: P | H105: P | Q105: P
A106: =IF(AND(D106="",D106=""),"",$D$3&"_"&ROW()-11-COUNTBLANK($D$12:D106)) | B106: Kiểm tra vị trí hiển thị button Xác nhận | C106: 1. Tại màn hình Survey 1 | D106: 1. button Xác nhận hiển thị ở phía dưới của màn | E106: P | H106: P | Q106: P
A107: =IF(AND(D107="",D107=""),"",$D$3&"_"&ROW()-11-COUNTBLANK($D$12:D107)) | B107: Kiểm tra vị trí trạng thái button Xác nhận | C107: 1. Tại màn hình Survey 1 | D107: 1. Disabled( Khi chưa điền trường thông tin nào trong form) - Enabled(Khi điền ít nhất 1 trường thong tin) | E107: P | H107: P | Q107: P
A108: =IF(AND(D108="",D108=""),"",$D$3&"_"&ROW()-11-COUNTBLANK($D$12:D108)) | B108: Kiểm tra hiển thị ở chế độ ligh mode | C108: 1. Tại màn hình Survey 1 | D108: 1. Button 'Xác nhận ' hiển thị dạng viên thuốc, nền xanh, chữ trắng | E108: P | H108: P | Q108: P
A109: =IF(AND(D109="",D109=""),"",$D$3&"_"&ROW()-11-COUNTBLANK($D$12:D109)) | B109: Kiểm tra hiển thị ở chế độ dark mode | C109: 1. Tại màn hình Survey 1 | D109: 1. Button 'Xác nhận ' hiển thị dạng viên thuốc, nền xanh, chữ trắng | E109: P | H109: P | Q109: P
A110: =IF(AND(D110="",D110=""),"",$D$3&"_"&ROW()-11-COUNTBLANK($D$12:D110)) | B110: Kiểm tra căn lề | C110: 1. Tại màn hình Survey 1 | D110: 1. Button 'Xác nhận' được căn giữua | E110: P | H110: P | Q110: P
A111: =IF(AND(D111="",D111=""),"",$D$3&"_"&ROW()-11-COUNTBLANK($D$12:D111)) | B111: Kiểm tra chính tả | C111: 1. Tại màn hình Survey 1 | D111: 1. Button 'Xác nhận' đúng chính tả | E111: P | H111: P | Q111: P
A112: =IF(AND(D112="",D112=""),"",$D$3&"_"&ROW()-11-COUNTBLANK($D$12:D112)) | B112: Kiểm tra click button | C112: 1. Tại màn hình Survey 1 2. click button Xác nhận | D112: 2. Xác nhận thành công. Điều hướng sang màn Survey 2. | E112: P | H112: P | Q112: P
A113: =IF(AND(D113="",D113=""),"",$D$3&"_"&ROW()-11-COUNTBLANK($D$12:D113)) | B113: Kiểm tra click button Xác nhận nhiều lần | C113: 1. Tại màn hình Survey 1 2. Doubleclick button Xác nhận | D113: 2. Xác nhận thành công. Điều hướng sang màn Survey 2. Thực thi 1 lần | E113: P | H113: P | Q113: P
...

Sheet Home
C1: KỊCH BẢN KIỂM THỬ *
C2: Tên màn hình/Tên chức năng | D2: Màn hình home
C3: Mã trường hợp kiểm thử | D3: WBS-4
C4: Số trường hợp kiểm thử đạt (P) | D4: =COUNTIF($Q$15:$Q$1025,"P")
C5: Số trường hợp kiểm thử không đạt (F) | D5: =COUNTIF($Q$12:$Q$1025,"F")
C6: Số trường hợp kiểm thử đang xem xét (PE) | D6: =COUNTIF($Q$12:$Q$1025,"PE")
C7: Số trường hợp kiểm thử chưa thực hiện | D7: =D8-D4-D5-D6
C8: Tổng số trường hợp kiểm thử | D8: =COUNTA($D$15:$D$917)
A10: Mã test case | B10: Mục đích kiểm thử | C10: Các bước thực hiện | D10: Kết quả mong muốn | E10: Android | H10: IOS | K10: <Tên trình duyệt 3> | N10: <Tên trình duyệt 4> | Q10: Kết quả hiện tại | R10: Mã lỗi | S10: Ghi chú | T10: Ngày test | U10: Người test
E11: Lần 1 | F11: Lần 2 | G11: Lần 3 | H11: Lần 1 | I11: Lần 2 | J11: Lần 3 | K11: Lần 1 | L11: Lần 2 | M11: Lần 3 | N11: Lần 1 | O11: Lần 2 | P11: Lần 3
A12: =IF(AND(D12="",D12=""),"",$D$3&"_"&ROW()-11-COUNTBLANK($D$12:D12)) | B12: P
A13: =IF(AND(D13="",D13=""),"",$D$3&"_"&ROW()-11-COUNTBLANK($D$12:D13)) | B13: Tiền điều kiện | C13: • Người dùng đã cài đặt ứng dụng LaoOne. • Thiết bị có kết nối Internet.
A14: =IF(AND(D14="",D14=""),"",$D$3&"_"&ROW()-11-COUNTBLANK($D$12:D14)) | B14: Giao diện chung
A15: =IF(AND(D15="",D15=""),"",$D$3&"_"&ROW()-11-COUNTBLANK($D$12:D15)) | B15: Kiểm tra giao diện màn hình Home | C15: 1. Tại màn hình Home 2. Kiểm tra hiển thị | D15: 1. Hiển thị màn hình: - Tài khoản người dùng - Icon Tìm kiếm, App của tôi - Banner quảng bá - Tab chính phủ số/ doanh nghiệp số - Text "Bộ giải pháp phổ biến", mũi tên xem thêm - Grid Danh sách giải pháp phổ biến - Item giải pháp/ item xem thêm - Text "Bộ giải pháp theo lĩnh vực", mũi tên xem thêm - Card các lĩnh vực - Text Chuyển động số, mũi tên xem thêm - Danh sách tin tức - Danh sách các miniapp - Bottom navigation bar | E15: P | H15: P | Q15: P
A16: =IF(AND(D16="",D16=""),"",$D$3&"_"&ROW()-11-COUNTBLANK($D$12:D16)) | C16: 3. Kiểm tra tổng thể giao diện: font chữ, chính tả, title... | D16: 2. Font chữ, cỡ chữ, màu sắc chữ, độ rộng cột, độ rộng hàng, màu sắc background, icon, vị trí icon, title, khoảng cách giữa các đối tượng hiển thị,... đúng với thiết kế | E16: P | H16: P | Q16: P
A17: =IF(AND(D17="",D17=""),"",$D$3&"_"&ROW()-11-COUNTBLANK($D$12:D17)) | C17: 4. Kiểm tra responsive | D17: 3. Thay đổi độ phân giải chuẩn khác nhau, màn hình và các control tuân thủ đúng nguyên tắc responsive, không bị vỡ cấu trúc | E17: P | H17: P | Q17: P
A18: =IF(AND(D18="",D18=""),"",$D$3&"_"&ROW()-11-COUNTBLANK($D$12:D18)) | C18: Hình ảnh | E18: P | H18: P | Q18: P
A19: =IF(AND(D19="",D19=""),"",$D$3&"_"&ROW()-11-COUNTBLANK($D$12:D19)) | B19: Kiểm tra hiển thị khi xoay màn hình theo chiều dọc/chiều ngang | C19: 1. Tại màn hình Login 2. Kiểm tra hiển thị 3. Bật tính năng xoay màn hình của thiết bị 4. Xoay ngang/dọc màn hình | D19: 1. Không di chuyển, giữ nguyên vùng màn hình | E19: P | H19: P | Q19: P
A20: =IF(AND(D20="",D20=""),"",$D$3&"_"&ROW()-11-COUNTBLANK($D$12:D20)) | B20: Kiểm tra giao diện khi scroll lên/xuống | C20: 1. Tại màn hình Login 2. Srcoll lên/xuống | D20: 1. Màn hình được scroll mượt mà, không bị giật lag | E20: P | H20: P | Q20: P
A21: =IF(AND(D21="",D21=""),"",$D$3&"_"&ROW()-11-COUNTBLANK($D$12:D21)) | B21: Kiểm tra giao diện ở trường hợp ngắt kết nối mạng | C21: 1. Ngắt kết nối mạng 2. Kết nối lại mạng | D21: 1. Hiển thị giao diện ngoại tuyến, thông báo "Không có kết nối mạng" 2. Hiển thị giao diện mặc định | E21: P | H21: P | Q21: P
A22: =IF(AND(D22="",D22=""),"",$D$3&"_"&ROW()-11-COUNTBLANK($D$12:D22)) | B22: Giao diện của HEADER | H22: P
A23: =IF(AND(D23="",D23=""),"",$D$3&"_"&ROW()-11-COUNTBLANK($D$12:D23)) | B23: Kiểm tra hiển thị header | C23: 1. Tại màn hình Home 2. Kiểm tra hiển thị | D23: Các thành phần: - Thông tin tài khoản/ nút đăng nhập (chưa login) - Nút tìm kiếm - App của tôi | E23: P | H23: P | Q23: P
A24: =IF(AND(D24="",D24=""),"",$D$3&"_"&ROW()-11-COUNTBLANK($D$12:D24)) | B24: Kiểm tra hiển thị avatar người dùng | C24: Pre: Đã đăng nhập thành công vào hệ thống 1. Tại màn hình Home 2. Kiểm tra hiển thị | D24: Hiển thị avatar mặc định khi người dùng chưa thay đổi avatar Hiển thị hình ảnh người dùng tải lên khi người dùng thay đổi avatar | E24: P | H24: P | Q24: P
A25: =IF(AND(D25="",D25=""),"",$D$3&"_"&ROW()-11-COUNTBLANK($D$12:D25)) | C25: Pre: Chưa đăng nhập vào hệ thống 1. Tại màn hình Home 2. Kiểm tra hiển thị | D25: Hiển thị avatar giống figma | E25: P | H25: P | Q25: P
A26: =IF(AND(D26="",D26=""),"",$D$3&"_"&ROW()-11-COUNTBLANK($D$12:D26)) | B26: Kiểm tra hiển thị text | C26: Pre: Đã đăng nhập thành công vào hệ thống 1. Tại màn hình Home 2. Kiểm tra hiển thị | D26: Hiển thị text "Welcome to LaoOne!" + tên user | E26: P | H26: P | Q26: P
A27: =IF(AND(D27="",D27=""),"",$D$3&"_"&ROW()-11-COUNTBLANK($D$12:D27)) | C27: Pre: Chưa đăng nhập vào hệ thống 1. Tại màn hình Home 2. Kiểm tra hiển thị | D27: Hiển thị text "Đăng nhập" | E27: P | H27: P | Q27: P
A28: =IF(AND(D28="",D28=""),"",$D$3&"_"&ROW()-11-COUNTBLANK($D$12:D28)) | B28: Kiểm tra ấn button Đăng nhập | C28: Pre: Chưa đăng nhập vào hệ thống 1. Tại màn hình Home 2. Ấn vào button Đăng nhập | D28: Điều hướng sang màn hình Đăng nhập | E28: P | H28: P | Q28: P
A29: =IF(AND(D29="",D29=""),"",$D$3&"_"&ROW()-11-COUNTBLANK($D$12:D29)) | B29: Kiểm tra ấn button tên user | C29: Pre: Đã đăng nhập thành công vào hệ thống 1. Tại màn hình Home 2. Ấn vào user | D29: Điều hướng sang màn hình Tài khoản | E29: P | H29: P | Q29: P
A30: =IF(AND(D30="",D30=""),"",$D$3&"_"&ROW()-11-COUNTBLANK($D$12:D30)) | B30: Kiểm tra icon tìm kiếm | C30: 1. Tại màn hình Home 2. Kiểm tra hiển thị | D30: Hiển thị đúng màu sắc, kích thước, vị trí như figma | E30: P | H30: P | Q30: P
A31: =IF(AND(D31="",D31=""),"",$D$3&"_"&ROW()-11-COUNTBLANK($D$12:D31)) | B31: Kiểm tra click icon tìm kiếm | C31: 1. Tại màn hình Home 2. Click icon 3. Kiểm tra hiển thị | D31: Điều hướng sang màn hình tìm kiếm | E31: P | H31: P | Q31: P
A32: =IF(AND(D32="",D32=""),"",$D$3&"_"&ROW()-11-COUNTBLANK($D$12:D32)) | B32: Kiểm tra icon App của tôi | C32: 1. Tại màn hình Home 2. Kiểm tra hiển thị | D32: Hiển thị đúng màu sắc, kích thước, vị trí như figma | E32: P | H32: P | Q32: P
A33: =IF(AND(D33="",D33=""),"",$D$3&"_"&ROW()-11-COUNTBLANK($D$12:D33)) | B33: Kiểm tra click icon App của tôi | C33: 1. Tại màn hình Home 2. Click icon 3. Kiểm tra hiển thị | D33: Điều hướng tới màn hình app của tôi | E33: P | H33: P | Q33: P
A34: =IF(AND(D34="",D34=""),"",$D$3&"_"&ROW()-11-COUNTBLANK($D$12:D34)) | B34: Giao diện Tìm kiếm
A35: =IF(AND(D35="",D35=""),"",$D$3&"_"&ROW()-11-COUNTBLANK($D$12:D35)) | B35: Kiểm tra giao diện mặc định màn Tìm kiếm | C35: 1. Tại màn hình Home 2. Nhấn icon Tìm kiếm 3. Kiểm tra giao diện | D35: 3. Hiển thị giao diện màn tìm kiếm: - Button Quay lại hình mũi tên - TextboxTìm kiếm - Text Bộ giải pháp đề xuất + Hiển thị 3 Bộ giải pháp đề xuất - Text Mini Apps + Hiển thị 3 miniapp - Text Giải pháp đề xuất + Hiển thị 3 giải pháp đề xuất | E35: P | H35: P | Q35: P
A36: =IF(AND(D36="",D36=""),"",$D$3&"_"&ROW()-11-COUNTBLANK($D$12:D36)) | B36: Kiểm tra scroll | C36: 1. Tại màn hình Tìm kiếm 2. Thực hiện scroll | D36: 2. Scroll lên/xuống mượt mà, không giật lag | E36: P | H36: P | Q36: P
B37: Kiểm tra hiển thị Tìm kiếm gần đây | C37: 1. Tại màn hình tìm kiếm 2. Thực hiện tìm kiếm >>Nhấn vào kết quả 3. Quay lại màn tìm kiếm >>Kiểm tra hiển thị | D37: 3. Màn hình hiển thị thêm 1 phần Tìm kiếm gần đây | E37: P | H37: P
A38: =IF(AND(D38="",D38=""),"",$D$3&"_"&ROW()-11-COUNTBLANK($D$12:D38)) | B38: Validate Tìm kiếm
A39: =IF(AND(D39="",D39=""),"",$D$3&"_"&ROW()-11-COUNTBLANK($D$12:D39)) | B39: Kiểm tra khi nhập từ khóa có trong hệ thống | C39: 1. Tại màn hình tìm kiếm 2. Nhập từ khóa có trong hệ thống 3. Kiểm tra kết quả | D39: 3. Trả về các kết quả khớp với từ khóa
A40: =IF(AND(D40="",D40=""),"",$D$3&"_"&ROW()-11-COUNTBLANK($D$12:D40)) | B40: Kiểm tra khi nhập từ khóa không có trong hệ thống | C40: 1. Tại màn hình tìm kiếm 2. Nhập từ khóa không có trong hệ thống 3. Kiểm tra kết quả | D40: 3. Hiển thị thông báo "Không tìm thấy kết quả"
A41: =IF(AND(D41="",D41=""),"",$D$3&"_"&ROW()-11-COUNTBLANK($D$12:D41)) | B41: Kiểm tra tìm kiếm theo tên đầy đủ | C41: 1. Tại màn hình tìm kiếm 2. Nhập tên đầy đủ 3. Kiểm tra kết quả | D41: 3. Hiển thị đầy đủ kết quả trả về
A42: =IF(AND(D42="",D42=""),"",$D$3&"_"&ROW()-11-COUNTBLANK($D$12:D42)) | B42: Kiểm tra khi nhập từ khóa có khoảng trắng ở đầu/cuối | C42: 1. Tại màn hình tìm kiếm 2. Nhập khoảng trắng ở đầu và cuối từ khóa 3. Kiểm tra kết quả | D42: 3. Vẫn trả về kết quả theo từ khóa
A43: =IF(AND(D43="",D43=""),"",$D$3&"_"&ROW()-11-COUNTBLANK($D$12:D43)) | B43: Kiểm tra khi nhập kí tự đặc biệt, emoji | C43: 1. Tại màn hình Tìm kiếm 2. Nhập kí tự đặc biệt, emoji 3. Kiểm tra hiển thị | D43: Cho phép nhập | E43: P | H43: P | Q43: P
A44: =IF(AND(D44="",D44=""),"",$D$3&"_"&ROW()-11-COUNTBLANK($D$12:D44)) | B44: Kiểm tra để trống | C44: 1. Tại màn hình Tìm kiếm 2. không nhập dữ liệu vào trường tìm kiếm 3. Ấn tìm kiếm | D44: Hiển thị thông báo "Không tìm thấy kết quả" | E44: P | H44: P | Q44: P
A45: =IF(AND(D45="",D45=""),"",$D$3&"_"&ROW()-11-COUNTBLANK($D$12:D45)) | B45: Kiểm tra nhập toàn khoảng trắng | C45: 1. Tại màn hình Tìm kiếm 2. Nhập toàn khoảng trắng vào trường tìm kiếm 3. Ấn tìm kiếm | D45: Hiển thị thông báo "Không tìm thấy kết quả" | E45: P | H45: P | Q45: P
A46: =IF(AND(D46="",D46=""),"",$D$3&"_"&ROW()-11-COUNTBLANK($D$12:D46)) | B46: Kiểm tra copy paste | C46: 1. Tại màn hình Tìm kiếm 2. Paste dữ liệu vào trường tìm kiếm | D46: Cho phép copy paste | E46: P | H46: P | Q46: P
B47: Kiểm tra khi nhấn nút x | C47: 1. Tại màn hình Tìm kiếm 2. Nhập dữ liệu vào trường 3. Nhấn x | D47: 3. Xóa toàn bộ dữ liệu vừa nhập
A48: =IF(AND(D48="",D48=""),"",$D$3&"_"&ROW()-11-COUNTBLANK($D$12:D48)) | B48: Giao diện của BANNER
A49: =IF(AND(D49="",D49=""),"",$D$3&"_"&ROW()-11-COUNTBLANK($D$12:D49)) | B49: Kiểm tra hiển thị banner | C49: 1. Tại màn hình home 2. Kiểm tra hiển thị | D49: 2. Banner hiển thị ở đầu màn hình - Hiển thị chính xác nội dung banner, đúng kích thước, shadown, bo góc như figma | E49: P | H49: P | Q49: P
A50: =IF(AND(D50="",D50=""),"",$D$3&"_"&ROW()-11-COUNTBLANK($D$12:D50)) | B50: Kiểm tra chế độ tự chuyển tiếp của banner | C50: 1. Tại màn hình home 2. Kiểm tra hiển thị | D50: 1. Banner tự chuyển tiếp từ phải sang trái sau 3s | E50: P | H50: P | Q50: P
A51: =IF(AND(D51="",D51=""),"",$D$3&"_"&ROW()-11-COUNTBLANK($D$12:D51)) | B51: Kiểm tra vuốt banner | C51: 1. Tại màn hình home 2. Vuốt banner từ phải sang trái 3. Kiểm tra hiển thị | D51: 1. Banner chuyển động mượt, hiển thị rõ nét | E51: P | H51: P | Q51: P
A52: =IF(AND(D52="",D52=""),"",$D$3&"_"&ROW()-11-COUNTBLANK($D$12:D52)) | C52: 1. Tại màn hình home 2. Vuốt banner từ trái sang phải 3. Kiểm tra hiển thị | D52: 1. Banner chuyển động mượt, hiển thị rõ nét | E52: P | H52: P | Q52: P
A53: =IF(AND(D53="",D53=""),"",$D$3&"_"&ROW()-11-COUNTBLANK($D$12:D53)) | B53: Giao diện của TAB
A54: =IF(AND(D54="",D54=""),"",$D$3&"_"&ROW()-11-COUNTBLANK($D$12:D54)) | B54: Kiểm tra hiển thị tab | C54: 1. Tại màn hình home 2. Kiểm tra hiển thị tab Doanh nghiệp số | D54: 1. Hiển thị màu sắc, kích thước, vị trí như figma 2. Hiển thị mặc định ở tab doanh nghiệp số khi vào Home | E54: P | H54: P | Q54: P
A55: =IF(AND(D55="",D55=""),"",$D$3&"_"&ROW()-11-COUNTBLANK($D$12:D55)) | C55: 1. Tại màn hình home 2. Kiểm tra hiển thị tab Chính phủ số | D55: 1. Hiển thị màu sắc, kích thước, vị trí như figma | E55: P | H55: P | Q55: P
A56: =IF(AND(D56="",D56=""),"",$D$3&"_"&ROW()-11-COUNTBLANK($D$12:D56)) | B56: Kiểm tra text Chính phủ số | C56: 1. Tại màn hình home 2. Kiểm tra hiển thị | D56: 1. Hiển thị màu sắc, kích thước, vị trí như figma | E56: P | H56: P | Q56: P
A57: =IF(AND(D57="",D57=""),"",$D$3&"_"&ROW()-11-COUNTBLANK($D$12:D57)) | B57: Kiểm tra text Doanh nghiệp số | C57: 1. Tại màn hình home 2. Kiểm tra hiển thị | D57: 1. Hiển thị màu sắc, kích thước, vị trí như figma | E57: P | H57: P | Q57: P
A58: =IF(AND(D58="",D58=""),"",$D$3&"_"&ROW()-11-COUNTBLANK($D$12:D58)) | B58: Kiểm tra hiệu ứng khi chuyển tab | C58: 1. Tại màn hình home 2. Ấn vào tab Chính phủ số 3. Kiểm tra hiển thị | D58: 1. Hiệu ứng chuyển màu mượt mà 2. Tab được chọn "Chính phủ số" active, có màu xanh, chữ trắng, hiển thị như figma tab "Doanh nghiệp số" trở thành trạng thái inactive, có màu xám | E58: P | H58: P | Q58: P
A59: =IF(AND(D59="",D59=""),"",$D$3&"_"&ROW()-11-COUNTBLANK($D$12:D59)) | C59: 1. Tại màn hình home 2. Ấn vào tab Doanh nghiệp số 3. Kiểm tra hiển thị | D59: 1. Hiệu ứng chuyển màu mượt mà 2. Tab được chọn "Doanh nghiệp số" active, có màu xanh, chữ trắng, hiển thị như figma tab "Chính phủ số" trở thành trạng thái inactive, có màu xám | E59: P | H59: P | Q59: P
A60: =IF(AND(D60="",D60=""),"",$D$3&"_"&ROW()-11-COUNTBLANK($D$12:D60)) | B60: Kiểm tra nội dung Bộ giải pháp phổ biến sau khi chuyển tab | C60: 1. Tại màn hình home 2. Từ tab Doanh nghiệp số ấn chuyển sang tab Chính phủ số 3. Kiểm tra hiển thị | D60: 1. Nội dung chuyển đổi nhanh, mượt mà Hệ thống reload danh sách item của Chính phủ số gồm: - Trục liên thông - Giám sát thông minh - Văn phòng số - Nền tảng tài chính - Hạ tầng số chính phủ - Nền tảng điều hành - Xem thêm | E60: P | H60: P | Q60: P
A61: =IF(AND(D61="",D61=""),"",$D$3&"_"&ROW()-11-COUNTBLANK($D$12:D61)) | C61: 1. Tại màn hình home 2. Ấn vào lại vào tab Doanh nghiệp số 3. Kiểm tra hiển thị | D61: 1. Nội dung chuyển đổi nhanh, mượt mà Hệ thống reload danh sách item của Doanh nghiệp số gồm: - Văn phòng số - Nguồn lực doanh nghiệp - Nguồn nhân lực - Quan hệ khách hàng - Chiến lược và hiệu xuất - Giám sát thông minh - Dịch vụ số - Xem thêm | E61: P | H61: P | Q61: P
A62: =IF(AND(D62="",D62=""),"",$D$3&"_"&ROW()-11-COUNTBLANK($D$12:D62)) | B62: TAB CHÍNH PHỦ SỐ
A63: =IF(AND(D63="",D63=""),"",$D$3&"_"&ROW()-11-COUNTBLANK($D$12:D63)) | B63: Giao diện BỘ GIẢI PHÁP PHỔ BIẾN
A64: =IF(AND(D64="",D64=""),"",$D$3&"_"&ROW()-11-COUNTBLANK($D$12:D64)) | B64: Kiểm tra hiển thị Text "Bộ giải pháp phổ biến" | C64: 1. Tại màn hình home 2. Kiểm tra hiển thị | D64: 1. Hiển thị kích thước, chính tả, màu chữ như figma | E64: P | H64: P | Q64: P
A65: =IF(AND(D65="",D65=""),"",$D$3&"_"&ROW()-11-COUNTBLANK($D$12:D65)) | B65: Kiểm tra hiển thị icon trong bộ giải pháp phổ biến | C65: 1. Tại màn hình home 2. Kiểm tra hiển thị | D65: 1. Hiển thị màu sắc, kích thước, vị trí như figma | E65: P | H65: P | Q65: P
A66: =IF(AND(D66="",D66=""),"",$D$3&"_"&ROW()-11-COUNTBLANK($D$12:D66)) | B66: Kiểm tra hiển nội dung bộ giải pháp khi ở tab chính phủ số | C66: 1. Tại màn hình home 2. Kiểm tra hiển thị | D66: 1. Hiển thị 7 item - Trục liên thông - Giám sát thông minh - Văn phòng số - Nền tảng tài chính - Hạ tầng số chính phủ - Nền tảng điều hành - Xem thêm | E66: P | H66: P | Q66: P
A67: =IF(AND(D67="",D67=""),"",$D$3&"_"&ROW()-11-COUNTBLANK($D$12:D67)) | B67: Kiểm tra click icon các giải pháp | C67: 1. Tại màn hình home 2. Click icon 3. Kiểm tra hiển thị | D67: 1. Hiển thị bottom sheet các giải pháp chi tiết tương ứng | E67: P | H67: P | Q67: P
A68: =IF(AND(D68="",D68=""),"",$D$3&"_"&ROW()-11-COUNTBLANK($D$12:D68)) | B68: Kiểm tra click icon Xem thêm | C68: 1. Tại màn hình home 2. Click icon Xem thêm 3. Kiểm tra hiển thị | D68: 1. Hiển thị bottom sheet Xem thêm các giải pháp còn lại | E68: P | H68: P | Q68: P
A69: =IF(AND(D69="",D69=""),"",$D$3&"_"&ROW()-11-COUNTBLANK($D$12:D69)) | B69: Kiểm tra hiển thị bottom sheet | C69: 1. Tại màn hình home 2. Kiểm tra hiển thị | D69: 1. Hiển thị icon ứng với các dịch vụ 2. Hiển thị nút Quan tâm | E69: P | H69: P | Q69: P
A70: =IF(AND(D70="",D70=""),"",$D$3&"_"&ROW()-11-COUNTBLANK($D$12:D70)) | B70: Kiểm tra ấn nút quan tâm | C70: 1. Tại màn hình home 2. Ấn nút quan tâm 3. Kiểm tra hiển thị | D70: 1. Điều hướng sang màn quan tâm | E70: P | H70: P | Q70: P
A71: =IF(AND(D71="",D71=""),"",$D$3&"_"&ROW()-11-COUNTBLANK($D$12:D71)) | B71: Kiểm tra đóng bottom sheet bằng cách vuốt xuống | C71: 1. Tại màn hình home 2. Vuốt bottom sheet xuống cuối màn hình 3. Kiểm tra hiển thị | D71: 1. Bottom sheet được kéo xuống | E71: P | H71: P | Q71: P
A72: =IF(AND(D72="",D72=""),"",$D$3&"_"&ROW()-11-COUNTBLANK($D$12:D72)) | B72: Kiểm tra đóng bottom sheet bằng thao tác quay lại ở màn hình | C72: 1. Tại màn hình home 2. Thao tác quay lại trên màn hình 3. Kiểm tra hiển thị | D72: 1. Bottom sheet biến mất | E72: P | H72: P | Q72: P
A73: =IF(AND(D73="",D73=""),"",$D$3&"_"&ROW()-11-COUNTBLANK($D$12:D73)) | B73: Kiểm tra hiển thị Nút xem thêm | C73: 1. Tại màn hình home 2. Click icon 3. Kiểm tra hiển thị | D73: 1. Hiển thị như figma | E73: P | H73: P | Q73: P
A74: =IF(AND(D74="",D74=""),"",$D$3&"_"&ROW()-11-COUNTBLANK($D$12:D74)) | B74: Kiểm tra click Nút xem thêm | C74: 1. Tại màn hình home 2. Click icon 3. Kiểm tra hiển thị | D74: 1. Điều hướng sang trang xem chi tiết mặc định dạng luới | E74: P | H74: P | Q74: P
A75: =IF(AND(D75="",D75=""),"",$D$3&"_"&ROW()-11-COUNTBLANK($D$12:D75)) | B75: Giao diện BỘ GIẢI PHÁP THEO LĨNH VỰC
A76: =IF(AND(D76="",D76=""),"",$D$3&"_"&ROW()-11-COUNTBLANK($D$12:D76)) | B76: Kiểm tra hiển thị text "Bộ giải pháp theo lĩnh vực" | C76: 1. Tại màn hình home 2. Kiểm tra hiển thị | D76: 1. Hiển thị kích thước, chính tả, màu chữ như figma | E76: P | H76: P | Q76: P
A77: =IF(AND(D77="",D77=""),"",$D$3&"_"&ROW()-11-COUNTBLANK($D$12:D77)) | B77: Kiểm tra hiển thị bộ giải pháp theo lĩnh vực | C77: 1. Tại màn hình home 2. Kiểm tra hiển thị | D77: 1. Hiển thị danh sách giải pháp theo lĩnh vực 2. Màu sắc, kích thước, vị trí hiển thị như figma | E77: P | H77: P | Q77: P
A78: =IF(AND(D78="",D78=""),"",$D$3&"_"&ROW()-11-COUNTBLANK($D$12:D78)) | B78: Kiểm tra click card hiển thị từng lĩnh vực | C78: 1. Tại màn hình home 2. Click các card 3. Kiểm tra hiển thị | D78: 1. Điều hướng sang trang màn chi tiết lĩnh vực đó | E78: P | H78: P | Q78: P
A79: =IF(AND(D79="",D79=""),"",$D$3&"_"&ROW()-11-COUNTBLANK($D$12:D79)) | B79: Kiểm tra ấn vào icon 1 lĩnh vực | C79: 1. Tại màn hình home 2. Click icon 1 lĩnh vực cụ thể 3. Kiểm tra hiển thị | D79: 1. Hiện ra bottom sheet các giải pháp trong lĩnh vực đó | E79: P | H79: P | Q79: P
A80: =IF(AND(D80="",D80=""),"",$D$3&"_"&ROW()-11-COUNTBLANK($D$12:D80)) | B80: Kiểm tra carousel để xem các thẻ | C80: 1. Tại màn hình home 2. Vuốt các thẻ từ trái sang phải 3. Kiểm tra hiển thị | D80: 1. Ở thẻ đầu tiên, không vuốt được từ trái sang phải 2. Có thể vuốt được từ thẻ thứ 2 trở đi | E80: P | H80: P | Q80: P
A81: =IF(AND(D81="",D81=""),"",$D$3&"_"&ROW()-11-COUNTBLANK($D$12:D81)) | C81: 1. Tại màn hình home 2. Vuốt các thẻ từ phải sang trái 3. Kiểm tra hiển thị | D81: 1. Ở thẻ cuối cùng, không vuốt được từ trái sang phải 2. Có thể vuốt được từ thẻ cuối cùng -1 trở đi | E81: P | H81: P | Q81: P
A82: =IF(AND(D82="",D82=""),"",$D$3&"_"&ROW()-11-COUNTBLANK($D$12:D82)) | B82: Kiểm tra hiển thị bottom sheet | C82: 1. Tại màn hình home 2. Kiểm tra hiển thị | D82: 1. Hiển thị icon ứng với các dịch vụ 2. Hiển thị nút Quan tâm | E82: P | H82: P | Q82: P
A83: =IF(AND(D83="",D83=""),"",$D$3&"_"&ROW()-11-COUNTBLANK($D$12:D83)) | B83: Kiểm tra ấn nút quan tâm | C83: 1. Tại màn hình home 2. Ấn nút quan tâm 3. Kiểm tra hiển thị | D83: 1. Điều hướng sang màn quan tâm | E83: P | H83: P | Q83: P
A84: =IF(AND(D84="",D84=""),"",$D$3&"_"&ROW()-11-COUNTBLANK($D$12:D84)) | B84: Kiểm tra đóng bottom sheet bằng cách vuốt xuống | C84: 1. Tại màn hình home 2. Vuốt bottom sheet xuống cuối màn hình 3. Kiểm tra hiển thị | D84: 1. Bottom sheet được kéo xuống | E84: P | H84: P | Q84: P
A85: =IF(AND(D85="",D85=""),"",$D$3&"_"&ROW()-11-COUNTBLANK($D$12:D85)) | B85: Kiểm tra đóng bottom sheet bằng thao tác quay lại ở màn hình | C85: 1. Tại màn hình home 2. Thao tác quay lại trên màn hình 3. Kiểm tra hiển thị | D85: 1. Bottom sheet biến mất | E85: P | H85: P | Q85: P
A86: =IF(AND(D86="",D86=""),"",$D$3&"_"&ROW()-11-COUNTBLANK($D$12:D86)) | B86: Kiểm tra hiển thị Nút xem thêm | C86: 1. Tại màn hình home 2. Click icon 3. Kiểm tra hiển thị | D86: 1. Hiển thị như figma | E86: P | H86: P | Q86: P
A87: =IF(AND(D87="",D87=""),"",$D$3&"_"&ROW()-11-COUNTBLANK($D$12:D87)) | B87: Kiểm tra click Nút xem thêm | C87: 1. Tại màn hình home 2. Click icon 3. Kiểm tra hiển thị | D87: 1. Điều hướng sang trang xem chi tiết Bộ giải pháp theo lĩnh vực mặc định dạng luới | E87: P | H87: P | Q87: P
A88: =IF(AND(D88="",D88=""),"",$D$3&"_"&ROW()-11-COUNTBLANK($D$12:D88)) | B88: Giao diện CHUYỂN ĐỘNG SỐ
A89: =IF(AND(D89="",D89=""),"",$D$3&"_"&ROW()-11-COUNTBLANK($D$12:D89)) | B89: Tiền điều kiện | C89: • Người dùng đã cài đặt ứng dụng LaoOne. • Thiết bị có kết nối Internet.
A90: =IF(AND(D90="",D90=""),"",$D$3&"_"&ROW()-11-COUNTBLANK($D$12:D90)) | B90: Kiểm tra hiển thị block Chuyển động số | C90: 1. Tại màn hình home 2. Kiểm tra hiển thị | D90: 1. Hiển thị danh sách bài viết gồm hình ảnh, tiêu đề và ngày đăng | E90: P | H90: P | Q90: P
A91: =IF(AND(D91="",D91=""),"",$D$3&"_"&ROW()-11-COUNTBLANK($D$12:D91)) | B91: Kiểm tra hiển thị tiêu đề "Chuyển động số" | C91: 1. Tại màn hình home 2. Kiểm tra hiển thị | D91: 1. Hiển thị kích cỡ, font chữ, màu sắc như figma | E91: P | H91: P | Q91: P
A92: =IF(AND(D92="",D92=""),"",$D$3&"_"&ROW()-11-COUNTBLANK($D$12:D92)) | B92: Kiểm tra hiển thị icon Xem thêm | C92: 1. Tại màn hình home 2. Kiểm tra hiển thị | D92: 1. Hiển thị như figma | E92: P | H92: P | Q92: P
A93: =IF(AND(D93="",D93=""),"",$D$3&"_"&ROW()-11-COUNTBLANK($D$12:D93)) | B93: Kiểm tra click icon Xem thêm | C93: 1. Tại màn hình home 2. Click icon xem thêm 3. Kiểm tra hiển thị | D93: 1. Được điều hướng sang màn xem chi tiết các bài đăng | E93: P | H93: P | Q93: P
A94: =IF(AND(D94="",D94=""),"",$D$3&"_"&ROW()-11-COUNTBLANK($D$12:D94)) | B94: Kiểm tra ảnh thumbnail | C94: 1. Tại màn hình home 2. Kiểm tra hiển thị | D94: 1. Hiển thị tương ứng với hình ảnh có trong tin tức | E94: P | H94: P | Q94: P
A95: =IF(AND(D95="",D95=""),"",$D$3&"_"&ROW()-11-COUNTBLANK($D$12:D95)) | B95: Kiểm tra tiêu đề bài viết | C95: 1. Tại màn hình home 2. Kiểm tra hiển thị | D95: 1. Hiển thị kích cỡ, font chữ, màu sắc như figma | E95: P | H95: P | Q95: P
A96: =IF(AND(D96="",D96=""),"",$D$3&"_"&ROW()-11-COUNTBLANK($D$12:D96)) | B96: Kiểm tra ngày đăng bài | C96: 1. Tại màn hình home 2. Kiểm tra hiển thị | D96: 1. Ngày đăng hiển thị theo thời gian mới nhất | E96: P | H96: P | Q96: P
A97: =IF(AND(D97="",D97=""),"",$D$3&"_"&ROW()-11-COUNTBLANK($D$12:D97)) | B97: Kiểm tra định dạng hiển thị ngày đăng bài | C97: 1. Tại màn hình home 2. Kiểm tra hiển thị | D97: 1. Ngày đăng bài hiển thị theo định dạng dd/MM/yy | E97: P | H97: P | Q97: P
A98: =IF(AND(D98="",D98=""),"",$D$3&"_"&ROW()-11-COUNTBLANK($D$12:D98)) | B98: Kiểm tra số lượng bài viết hiển thị trên trang Home | C98: 1. Tại màn hình home 2. Kiểm tra hiển thị | D98: 1. Hiển thị tối đa 3-5 bài | E98: P | H98: P | Q98: P
A99: =IF(AND(D99="",D99=""),"",$D$3&"_"&ROW()-11-COUNTBLANK($D$12:D99)) | B99: Kiểm tra ấn vào xem tin tức từ trang Home | C99: 1. Tại màn hình Home 2. Ấn vào tin tức 3. Kiểm tra hiển thị | D99: 1. Bài báo tương ứng được render | E99: P | H99: P | Q99: P
A100: =IF(AND(D100="",D100=""),"",$D$3&"_"&ROW()-11-COUNTBLANK($D$12:D100)) | B100: Giao diện ĐỐI TÁC
A101: =IF(AND(D101="",D101=""),"",$D$3&"_"&ROW()-11-COUNTBLANK($D$12:D101)) | B101: Kiểm tra block các icon dịch vụ/ ứng dụng | C101: 1. Tại màn hình home 2. Kiểm tra hiển thị | D101: 1. Hiển thị như figma 2. 3 hàng chuyển động tự động | E101: P | H101: P | Q101: P
...

Sheet 5. Màn hình quan tâm
C1: KỊCH BẢN KIỂM THỬ *
C2: Tên màn hình/Tên chức năng | D2: Màn hình Quan tâm
C3: Mã trường hợp kiểm thử | D3: WBS-5
C4: Số trường hợp kiểm thử đạt (P) | D4: =COUNTIF($Q$12:$Q$191,"P")
C5: Số trường hợp kiểm thử không đạt (F) | D5: =COUNTIF($Q$12:$Q$191,"F")
C6: Số trường hợp kiểm thử đang xem xét (PE) | D6: =COUNTIF($Q$12:$Q$191,"PE")
C7: Số trường hợp kiểm thử chưa thực hiện | D7: =D8-D4-D5-D6
C8: Tổng số trường hợp kiểm thử | D8: =COUNTA($D$12:$D$191)
A10: Mã trường hợp kiểm thử | B10: Mục đích kiểm thử | C10: Các bước thực hiện | D10: Kết quả mong muốn | E10: Android | H10: IOS | K10: <Tên trình duyệt 3> | N10: <Tên trình duyệt 4> | Q10: Kết quả hiện tại | R10: Mã lỗi | S10: Ghi chú
E11: Lần 1 | F11: Lần 2 | G11: Lần 3 | H11: Lần 1 | I11: Lần 2 | J11: Lần 3 | K11: Lần 1 | L11: Lần 2 | M11: Lần 3 | N11: Lần 1 | O11: Lần 2 | P11: Lần 3
A12: =IF(AND(D12="",D12=""),"",$D$3&"_"&ROW()-11-COUNTBLANK($D$12:D12)) | B12: WBS 5.6: Màn hình Quan tâm
A13: =IF(AND(D13="",D13=""),"",$D$3&"_"&ROW()-11-COUNTBLANK($D$12:D13)) | B13: Giao diện (Phần này viết các trường hợp kiểm thử cho giao diên chung và các giao diện cho các control)
A14: =IF(AND(D16="",D16=""),"",$D$3&"_"&ROW()-11-COUNTBLANK($D$12:D16)) | B14: Kiểm tra giao diện mặc định | C14: pre: Chưa đăng nhập 1. Mở app 2. Từ màn chi tiết giải pháp → nhấn “Quan tâm” 3. Điều hướng sang màn “Đăng ký quan tâm” | D14: 2. Giao diện hiển thị: - Tiêu đề màn hình: “Quan tâm” - Input “Họ và tên” - Input “Số điện thoại” - Input “Đơn vị” - Input “Địa chỉ” - Textarea “Nội dung yêu cầu” - Button “Gửi thông tin” (Disabled) - Bottom navigation: Trang chủ / Quan tâm / Logo / Thông báo / Tài khoản | E14: P | H14: P | Q14: P
A15: =IF(AND(D17="",D17=""),"",$D$3&"_"&ROW()-11-COUNTBLANK($D$12:D17)) | C15: Hình ảnh | E15: P | H15: P | Q15: P
A16: =IF(AND(D16="",D16=""),"",$D$3&"_"&ROW()-11-COUNTBLANK($D$12:D16)) | C16: Pre: Đã đăng nhập 1. Truy cập màn hình Quan tâm 2. Quan sát giao diện | D16: 2. Giao diện hiển thị: - Tiêu đề màn hình: “Quan tâm” - Input “Họ và tên” - Input “Số điện thoại” - Input “Đơn vị” - Input “Địa chỉ” - Textarea “Nội dung yêu cầu” - Button “Gửi thông tin” (Disabled) - Bottom navigation: Trang chủ / Quan tâm / Logo / Thông báo / Tài khoản | E16: P | H16: P | Q16: P
A17: =IF(AND(D17="",D17=""),"",$D$3&"_"&ROW()-11-COUNTBLANK($D$12:D17)) | C17: Hình ảnh | E17: P | H17: P | Q17: P
A18: =IF(AND(D18="",D18=""),"",$D$3&"_"&ROW()-11-COUNTBLANK($D$12:D18)) | B18: Kiểm tra trạng thái mặc định của các field | C18: Pre: Thiết bị có kết nối Internet 1. Truy cập màn hình Quan tâm 2. Quan sát các field input | D18: 2. Các field: - Rỗng - Không hiển thị lỗi - Placeholder hiển thị đúng theo thiết kế | E18: P | H18: P | Q18: P
A19: =IF(AND(D19="",D19=""),"",$D$3&"_"&ROW()-11-COUNTBLANK($D$12:D19)) | B19: Kiểm tra button “Gửi thông tin” trạng thái ban đầu | C19: Pre: Truy cập màn Quan tâm 1. Quan sát button Gửi thông tin | D19: 1. Button ở trạng thái Disabled khi chưa nhập dữ liệu | E19: P | H19: P | Q19: P
A20: =IF(AND(D20="",D20=""),"",$D$3&"_"&ROW()-11-COUNTBLANK($D$12:D20)) | B20: Kiểm tra tổng thể giao diện màn hình | C20: 1. Kiểm tra chính tả. bố cục, màu chữ, font chữ 2. Kiểm tra textbox, button, lỗi chính tả | D20: 1. Các label, textbox, combo cùng font chữ, cỡ chữ, căn lề trái, có độ dài, rộng và khoảng cách bằng nhau, không xô lệch 2. Không có lỗi chính tả, cấu trúc câu, ngữ pháp trên màn hình, form được bố trí hợp lý và dễ sử dụng. | E20: P | H20: P | Q20: P
A21: =IF(AND(D21="",D21=""),"",$D$3&"_"&ROW()-11-COUNTBLANK($D$12:D21)) | B21: Kiểm tra giao diện khi scroll lên/xuống | C21: 1. Srcoll lên/xuống | D21: 1. Màn hình được scroll mượt mà, không bị giật lag | E21: P | H21: P | Q21: P
A22: =IF(AND(D22="",D22=""),"",$D$3&"_"&ROW()-11-COUNTBLANK($D$12:D22)) | B22: Kiểm tra chức năng xoay màn hình theo chiều dọc/chiều ngang | C22: 1. Bật tính năng xoay màn hình của thiết bị 2. Xoay ngang/dọc màn hình | D22: 2. Không di chuyển, giữ nguyên vùng màn hình | E22: P | H22: P | Q22: P
A23: =IF(AND(D23="",D23=""),"",$D$3&"_"&ROW()-11-COUNTBLANK($D$12:D23)) | B23: Validate trường họ và tên
A24: =IF(AND(D24="",D24=""),"",$D$3&"_"&ROW()-11-COUNTBLANK($D$12:D24)) | B24: Kiểm tra trường bắt buộc | C24: 1. Để tróng trường họ và tên 2. Click Gửi thông tin | D24: 2. Hiển thị dấu *, bắt buộc nhập - Placeholder: "Họ và tên" | E24: P | H24: P | Q24: P
A25: =IF(AND(D25="",D25=""),"",$D$3&"_"&ROW()-11-COUNTBLANK($D$12:D25)) | B25: Kiểm tra placeholder | C25: 1. Quan sát textbox khi chưa nhập 2. Hover/click vào textbox | D25: 2. placeholder hiển thị là 'Họ và tên' | E25: P | H25: P | Q25: P
A26: =IF(AND(D26="",D26=""),"",$D$3&"_"&ROW()-11-COUNTBLANK($D$12:D26)) | B26: Kiểm tra trạng thái mặc định | C26: 1. Tại màn hình Thông tin về bạn | D26: 1. Enable | E26: P | H26: P | Q26: P
A27: =IF(AND(D27="",D27=""),"",$D$3&"_"&ROW()-11-COUNTBLANK($D$12:D27)) | B27: Kiểm tra nhập họ và tên hợp lệ | C27: 1. Tại màn hình Thông tin về bạn 2. Nhập giá trị họ và tên hợp lệ vào textbox | D27: 2. Ghi nhận giá trị đã nhập | E27: P | H27: P | Q27: P
A28: =IF(AND(D28="",D28=""),"",$D$3&"_"&ROW()-11-COUNTBLANK($D$12:D28)) | B28: Kiểm tra nhập all space | C28: 1. Click textbox 2. Nhập khoảng trắng " " | D28: 2. Chặn không cho phép nhập all space | E28: P | H28: P | Q28: P
A29: =IF(AND(D29="",D29=""),"",$D$3&"_"&ROW()-11-COUNTBLANK($D$12:D29)) | B29: Kiểm tra nhập text có khoảng trắng đầu cuối | C29: 1. Click textbox 2. Nhập kí tự có khoảng trắng đầu cuối ' abc ' | D29: 2. Cho phép nhập Không báo lỗi | E29: P | H29: P | Q29: P
A30: =IF(AND(D30="",D30=""),"",$D$3&"_"&ROW()-11-COUNTBLANK($D$12:D30)) | B30: Kiểm tra nhập text có chứa chữ thường | C30: 1. Click textbox 2. Nhập chữ thường 'abc' | D30: 2. Cho phép nhập - Hiển thị giá trị đã nhập | E30: P | H30: P | Q30: P
A31: =IF(AND(D31="",D31=""),"",$D$3&"_"&ROW()-11-COUNTBLANK($D$12:D31)) | B31: Kiêm tra nhâp text có chứa chữ hoa | C31: 1. Click textbox 2. Nhập chữ hoa 'ABC' | D31: 2. Cho phép nhập - Hiển thị giá trị đã nhập | E31: P | H31: P | Q31: P
A32: =IF(AND(D32="",D32=""),"",$D$3&"_"&ROW()-11-COUNTBLANK($D$12:D32)) | B32: Kiểm tra nhập tiếng Việt có dấu | C32: 1. Click textbox 2. Nhập dữ liệu: ' xin chào' | D32: 2. Cho phép nhập - Hiển thị giá trị đã nhập | E32: P | H32: P | Q32: P
A33: =IF(AND(D33="",D33=""),"",$D$3&"_"&ROW()-11-COUNTBLANK($D$12:D33)) | B33: Kiểm tra nhập ký tự đặc biệt | C33: 1. Click textbox 2. Nhập ký tự đặc biệt '@#' | D33: 2. Chặn không cho phép nhập | E33: P | H33: P | Q33: P
A34: =IF(AND(D34="",D34=""),"",$D$3&"_"&ROW()-11-COUNTBLANK($D$12:D34)) | B34: Kiểm tra nhập số | C34: 1. Click textbox 2. Nhập ký tự số '123' | D34: 2. Chặn không cho phép nhập | E34: P | H34: P | Q34: P
A35: =IF(AND(D35="",D35=""),"",$D$3&"_"&ROW()-11-COUNTBLANK($D$12:D35)) | B35: Kiểm tra trường hợp nhập giá trị ký tự là chữ vào textbox | C35: 1. Tại màn hình Thông tin về bạn 2. Người dùng nhập giá trị có ký tự là chữ 3. Kiểm tra hiển thị | D35: 1. Ghi nhận giá trị đã nhập | E35: P | H35: P | Q35: P
... A40: =IF(AND(D40="",D40=""),"",$D$3&"_"&ROW()-11-COUNTBLANK($D$12:D40)) | B40: Kiểm tra xóa giá trị đã nhập tại textbox | C40: 1. Tại màn hình Thông tin về bạn 2. Xóa dữ liệu họ và tên hợp lệ | D40: 1. Xóa thành công | E40: P | H40: P | Q40: P
A41: =IF(AND(D41="",D41=""),"",$D$3&"_"&ROW()-11-COUNTBLANK($D$12:D41)) | B41: Validate trường số điện thoại
A42: =IF(AND(D42="",D42=""),"",$D$3&"_"&ROW()-11-COUNTBLANK($D$12:D42)) | B42: Kiểm tra trường bắt buộc | C42: 1. Để tróng trường số điện thoại 2. Click Xác nhận | D42: 2. Hiển thị dấu *, bắt buộc nhập | E42: P | H42: P | Q42: P
A43: =IF(AND(D43="",D43=""),"",$D$3&"_"&ROW()-11-COUNTBLANK($D$12:D43)) | B43: Kiểm tra placeholder | C43: 1. Quan sát textbox khi chưa nhập 2. Hover/click vào textbox | D43: 2. placeholder hiển thị là 'Số điện thoại' | E43: P | H43: P | Q43: P
A44: =IF(AND(D44="",D44=""),"",$D$3&"_"&ROW()-11-COUNTBLANK($D$12:D44)) | B44: Kiểm tra trạng thái mặc định | C44: 1. Tại màn hình Thông tin về bạn | D44: 1. Enable | E44: P | H44: P | Q44: P
A45: =IF(AND(D45="",D45=""),"",$D$3&"_"&ROW()-11-COUNTBLANK($D$12:D45)) | B45: Kiểm tra nhập số điện thoại hợp lệ | C45: 1. Tại màn hình Thông tin về bạn 2. Nhập sđt hợp lệ vào trường | D45: 1. Ghi nhận giá trị đã nhập | E45: P | H45: P | Q45: P
A46: =IF(AND(D46="",D46=""),"",$D$3&"_"&ROW()-11-COUNTBLANK($D$12:D46)) | B46: Kiểm tra trường hợp nhập giá trị ký tự là chữ vào textbox | C46: 1. Tại màn hình Thông tin về bạn 2. Người dùng nhập giá trị có ký tự là chữ | D46: 2. Chặn không cho phép nhập | E46: P | H46: P | Q46: P
A47: =IF(AND(D47="",D47=""),"",$D$3&"_"&ROW()-11-COUNTBLANK($D$12:D47)) | B47: Kiểm tra nhập all space | C47: 1. Click textbox 2. Nhập khoảng trắng " " | D47: 2. Không cho phép nhập all space | E47: P | H47: P | Q47: P
A48: =IF(AND(D48="",D48=""),"",$D$3&"_"&ROW()-11-COUNTBLANK($D$12:D48)) | B48: Kiểm tra nhập SĐT có khoảng trắng đầu cuối | C48: 1. Click textbox 2. Nhập kí tự có khoảng trắng đầu cuối ' 17474' | D48: Cho phép nhập | E48: P | H48: P | Q48: P
A49: =IF(AND(D49="",D49=""),"",$D$3&"_"&ROW()-11-COUNTBLANK($D$12:D49)) | B49: Kiểm tra nhập số điện thoại của Lào hợp lệ | C49: 1. Tại màn hình đăng nhập 2. Nhập sđt hợp lệ đủ 11 số (3 số đầu 020) và đang hoạt động vào trường | D49: 1. Nút "Tiếp tục" hiển thị enable | E49: P | H49: P | Q49: P
A50: =IF(AND(D50="",D50=""),"",$D$3&"_"&ROW()-11-COUNTBLANK($D$12:D50)) | B50: Kiểm tra nhập sđt Lào sai dịnh dạng | C50: 1. Tại màn hình đăng nhập 2. Nhập sđt sai định dạng | D50: 1. Hiển thị lỗi " Số điện thoại không hợp lệ" | E50: P | H50: P | Q50: P
A51: =IF(AND(D51="",D51=""),"",$D$3&"_"&ROW()-11-COUNTBLANK($D$12:D51)) | B51: Kiểm tra nhập sđt Lào cũ có độ dài 8 số (sđt Lào cũ) | C51: 1. Tại màn hình đăng nhập 2. Nhập sđt dài 8 chữ số bắt đầu bằng 8 | D51: 2. Nút "Tiếp tục" hiển thị enable | E51: P | H51: P | Q51: P
A52: =IF(AND(D52="",D52=""),"",$D$3&"_"&ROW()-11-COUNTBLANK($D$12:D52)) | C52: 2. Nhập sđt dài 8 chữ số bắt đầu bằng 5 | D52: 2. Nút "Tiếp tục" hiển thị enable | E52: P | H52: P
A53: =IF(AND(D53="",D53=""),"",$D$3&"_"&ROW()-11-COUNTBLANK($D$12:D53)) | C53: 2. Nhập sđt dài 8 chữ số bắt đầu bằng 7 | D53: 2. Nút "Tiếp tục" hiển thị enable | E53: P | H53: P
A54: =IF(AND(D54="",D54=""),"",$D$3&"_"&ROW()-11-COUNTBLANK($D$12:D54)) | C54: 2. Nhập sđt dài 8 chữ số bắt đầu bằng 9 | D54: 2. Nút "Tiếp tục" hiển thị enable | E54: P | H54: P
A55: =IF(AND(D55="",D55=""),"",$D$3&"_"&ROW()-11-COUNTBLANK($D$12:D55)) | B55: Kiểm tra sđt Lào có đầu số 202 | C55: 1. Tại màn hình đăng nhập 2. Nhập sđt có đầu 202 (vd: 2021234567)" | D55: 2. Nút "Tiếp tục" hiển thị enable | E55: P | H55: P
A56: =IF(AND(D56="",D56=""),"",$D$3&"_"&ROW()-11-COUNTBLANK($D$12:D56)) | B56: Kiểm tra sđt Lào có đầu số 0202 | C56: 1. Tại màn hình đăng nhập 2. Nhập sđt có đầu 0202 (vd: 02021234567)" | D56: 2. Nút "Tiếp tục" hiển thị enable | E56: P | H56: P
A57: =IF(AND(D57="",D57=""),"",$D$3&"_"&ROW()-11-COUNTBLANK($D$12:D57)) | B57: Kiểm tra sđt Lào có đầu số +856 | C57: 1. Tại màn hình đăng nhập 2. Nhập sđt có đầu +856 (vd: +8562021234567) | D57: 2. Nút "Tiếp tục" hiển thị enable | E57: P | H57: P
A58: =IF(AND(D58="",D58=""),"",$D$3&"_"&ROW()-11-COUNTBLANK($D$12:D58)) | B58: Kiểm tra số điện thoại Lào có đầu số 856 | C58: 1. Tại màn hình đăng nhập 2. Nhập sđt có đầu 856 (vd: 8562021234567) | D58: 2. Nút "Tiếp tục" hiển thị enable | E58: P | H58: P
A59: =IF(AND(D59="",D59=""),"",$D$3&"_"&ROW()-11-COUNTBLANK($D$12:D59)) | B59: Kiểm tra nhập sđt Lào quá ngắn | C59: 1. Nhập sđt <8 chữ số | D59: 1. Hiển thị lỗi " Số điện thoại không hợp lệ" | E59: P | H59: P | Q59: P
A60: =IF(AND(D60="",D60=""),"",$D$3&"_"&ROW()-11-COUNTBLANK($D$12:D60)) | B60: Kiểm tra nhập sđt Lào sai số đầu mạng di động nội địa | C60: 1. Nhập sđt có đầu số khác 0 | D60: 1. Hiển thị lỗi " Số điện thoại không hợp lệ" | E60: P | H60: P | Q60: P
A61: =IF(AND(D61="",D61=""),"",$D$3&"_"&ROW()-11-COUNTBLANK($D$12:D61)) | B61: Kiểm tra nhập sđt Lào sai đầu sô quốc tế | C61: 1. Nhập sđt Lào sai đầu số quốc tế | D61: 1. Hiển thị lỗi " Số điện thoại không hợp lệ" | E61: P | H61: P | Q61: P
A62: =IF(AND(D62="",D62=""),"",$D$3&"_"&ROW()-11-COUNTBLANK($D$12:D62)) | B62: Kiểm tra nhập sđt Lào khác với các đầu sđt được cấp phép | C62: 1. Nhập sđt Lào khác với các đầu số: 020 9xxx..., 020 7xxx..., 020 5xxx..., 020 2xxx... | D62: 1. Hiển thị lỗi " Số điện thoại không hợp lệ" | E62: P | H62: P | Q62: P
A63: =IF(AND(D63="",D63=""),"",$D$3&"_"&ROW()-11-COUNTBLANK($D$12:D63)) | B63: Kiểm tra nhập các kí tự đặc biệt, emoji | C63: 1. Tại màn hình đăng nhập 2. Nhập các kí tự đặc biệt, emoji vào trường sđt | D63: 1. Hiển thị lỗi " Số điện thoại không hợp lệ" | E63: P | H63: P | Q63: P
A64: =IF(AND(D64="",D64=""),"",$D$3&"_"&ROW()-11-COUNTBLANK($D$12:D64)) | B64: Kiểm tra nhập script vào trường sđt | C64: 1. Tại màn hình đăng nhập 2. Nhập <b>test@gmail.com</b> | D64: 1. Hiển thị lỗi " Số điện thoại không hợp lệ" | E64: P | H64: P | Q64: P
A65: =IF(AND(D65="",D65=""),"",$D$3&"_"&ROW()-11-COUNTBLANK($D$12:D65)) | B65: Kiểm tra xóa kí tự đã nhập | C65: 1. Nhập 1 chuỗi kí tự 2. Xóa kí tự đã nhập | D65: 1. Xóa thành công | E65: P | H65: P | Q65: P
A66: =IF(AND(D66="",D66=""),"",$D$3&"_"&ROW()-11-COUNTBLANK($D$12:D66)) | B66: Kiểm tra paste sđt hợp lệ vào trường | C66: 1. Tại màn hình đăng nhập 2. Paste sđt hợp lệ vào trường | D66: 2. Cho phép paste số điện thoại | E66: P | H66: P | Q66: P
A67: =IF(AND(D67="",D67=""),"",$D$3&"_"&ROW()-11-COUNTBLANK($D$12:D67)) | B67: Kiểm tra trạng thái mặc định của trường nhập sđt | C67: 1. Tại màn hình đăng nhập 2. Tap vào trường sđt | D67: 1. Trường mặc định là trạng thái enable | E67: P | H67: P | Q67: P
A68: =IF(AND(D68="",D68=""),"",$D$3&"_"&ROW()-11-COUNTBLANK($D$12:D68)) | B68: Kiểm tra placeholder của trường nhập sđt | C68: 1. Tại màn hình đăng nhập 2. Kiểm tra hiển thị | D68: 1. Placeholder hiển thị "Số điện thoại" | E68: P | H68: P | Q68: P
A69: =IF(AND(D69="",D69=""),"",$D$3&"_"&ROW()-11-COUNTBLANK($D$12:D69)) | B69: Kiểm tra để trống trường sđt | C69: 1. Tại màn hình đăng nhập 2. Bỏ trống trường sđt | D69: 1. Hiển thị lỗi "Không được để trống" | E69: P | H69: P | Q69: P
A70: =IF(AND(D70="",D70=""),"",$D$3&"_"&ROW()-11-COUNTBLANK($D$12:D70)) | B70: Validate trường Đơn vị
A71: =IF(AND(D71="",D71=""),"",$D$3&"_"&ROW()-11-COUNTBLANK($D$12:D71)) | B71: Kiểm tra trường bắt buộc | C71: 1. Để trống trường Đơn vị 2. Click Xác nhận | D71: 2. Cho phép để trống | E71: P | H71: P | Q71: P
A72: =IF(AND(D72="",D72=""),"",$D$3&"_"&ROW()-11-COUNTBLANK($D$12:D72)) | B72: Kiểm tra placeholder | C72: 1. Quan sát textbox khi chưa nhập 2. Hover/click vào textbox | D72: 2. placeholder hiển thị là 'Đơn vị' | E72: P | H72: P | Q72: P
A73: =IF(AND(D73="",D73=""),"",$D$3&"_"&ROW()-11-COUNTBLANK($D$12:D73)) | B73: Kiểm tra trạng thái mặc định | C73: 1. Tại màn hình Quan tâm | D73: 1. Enable | E73: P | H73: P | Q73: P
A74: =IF(AND(D74="",D74=""),"",$D$3&"_"&ROW()-11-COUNTBLANK($D$12:D74)) | B74: Kiểm tra nhập Đơn vị hợp lệ | C74: 1. Tại màn hình Quan tâm 2. Nhập giá trị Đơn vị hợp lệ vào textbox | D74: 2. Ghi nhận giá trị đã nhập | E74: P | H74: P | Q74: P
A75: =IF(AND(D75="",D75=""),"",$D$3&"_"&ROW()-11-COUNTBLANK($D$12:D75)) | B75: Kiểm tra nhập all space | C75: 1. Click textbox 2. Nhập khoảng trắng " " | D75: 2. Hệ thống không crash, cho phép nhập nhưng không tự động chạy tìm kiếm | E75: P | H75: P | Q75: P
A76: =IF(AND(D76="",D76=""),"",$D$3&"_"&ROW()-11-COUNTBLANK($D$12:D76)) | B76: Kiểm tra nhập text có khoảng trắng đầu cuối | C76: 1. Click textbox 2. Nhập kí tự có khoảng trắng đầu cuối ' abc ' | D76: 2. Cho phép nhập - Hệ thống tự trim space | E76: P | H76: P | Q76: P
A77: =IF(AND(D77="",D77=""),"",$D$3&"_"&ROW()-11-COUNTBLANK($D$12:D77)) | B77: Kiểm tra nhập text có chứa chữ thường | C77: 1. Click textbox 2. Nhập chữ thường 'abc' | D77: 2. Cho phép nhập - Hiển thị giá trị đã nhập | E77: P | H77: P | Q77: P
A78: =IF(AND(D78="",D78=""),"",$D$3&"_"&ROW()-11-COUNTBLANK($D$12:D78)) | B78: Kiêm tra nhâp text có chứa chữ hoa | C78: 1. Click textbox 2. Nhập chữ hoa 'ABC' | D78: 2. Cho phép nhập - Hiển thị giá trị đã nhập | E78: P | H78: P | Q78: P
A79: =IF(AND(D79="",D79=""),"",$D$3&"_"&ROW()-11-COUNTBLANK($D$12:D79)) | B79: Kiểm tra nhập tiếng Việt có dấu | C79: 1. Click textbox 2. Nhập dữ liệu: ' xin chào' | D79: 2. Cho phép nhập - Hiển thị giá trị đã nhập | E79: P | H79: P | Q79: P
A80: =IF(AND(D80="",D80=""),"",$D$3&"_"&ROW()-11-COUNTBLANK($D$12:D80)) | B80: Kiểm tra nhập ký tự đặc biệt | C80: 1. Click textbox 2. Nhập ký tự đặc biệt '@#' | D80: 2. Cho phép nhập - Hiển thị giá trị đã nhập | E80: P | H80: P | Q80: P
A81: =IF(AND(D81="",D81=""),"",$D$3&"_"&ROW()-11-COUNTBLANK($D$12:D81)) | B81: Kiểm tra nhập số | C81: 1. Click textbox 2. Nhập ký tự số '123' | D81: 2. Cho phép nhập - Hiển thị giá trị đã nhập | E81: P | H81: P | Q81: P
A82: =IF(AND(D82="",D82=""),"",$D$3&"_"&ROW()-11-COUNTBLANK($D$12:D82)) | B82: Kiểm tra trường hợp nhập giá trị ký tự là chữ vào textbox | C82: 1. Tại màn hình Quan tâm 2. Người dùng nhập giá trị có ký tự là chữ 3. Kiểm tra hiển thị | D82: 1. Ghi nhận giá trị đã nhập | E82: P | H82: P | Q82: P
... A87: =IF(AND(D87="",D87=""),"",$D$3&"_"&ROW()-11-COUNTBLANK($D$12:D87)) | B87: Kiểm tra xóa giá trị đã nhập tại textbox | C87: 1. Tại màn hình Quan tâm 2. Xóa dữ liệu Đơn vị hợp lệ | D87: 1. Xóa thành công | E87: P | H87: P | Q87: P
A88: =IF(AND(D88="",D88=""),"",$D$3&"_"&ROW()-11-COUNTBLANK($D$12:D88)) | B88: Validate trường Địa chỉ
A89: =IF(AND(D89="",D89=""),"",$D$3&"_"&ROW()-11-COUNTBLANK($D$12:D89)) | B89: Kiểm tra trường bắt buộc | C89: 1. Để tróng trường Địa chỉ 2. Click Xác nhận | D89: 2. Cho phép để trống | E89: P | H89: P | Q89: P
A90: =IF(AND(D90="",D90=""),"",$D$3&"_"&ROW()-11-COUNTBLANK($D$12:D90)) | B90: Kiểm tra placeholder | C90: 1. Quan sát textbox khi chưa nhập 2. Hover/click vào textbox | D90: 2. placeholder hiển thị là 'Địa chỉ' | E90: P | H90: P | Q90: P
A91: =IF(AND(D91="",D91=""),"",$D$3&"_"&ROW()-11-COUNTBLANK($D$12:D91)) | B91: Kiểm tra nhập Địa chỉ hợp lệ | C91: 1. Tại màn hình Thông tin về bạn 2. Nhập giá trị Địa chỉ hợp lệ vào textbox | D91: 2. Ghi nhận giá trị đã nhập | E91: P | H91: P | Q91: P
A92: =IF(AND(D92="",D92=""),"",$D$3&"_"&ROW()-11-COUNTBLANK($D$12:D92)) | B92: Kiểm tra nhập all space | C92: 1. Click textbox 2. Nhập khoảng trắng " " | D92: 2. Hệ thống không crash, cho phép nhập nhưng không tự động chạy tìm kiếm | E92: P | H92: P | Q92: P
A93: =IF(AND(D93="",D93=""),"",$D$3&"_"&ROW()-11-COUNTBLANK($D$12:D93)) | B93: Kiểm tra nhập text có khoảng trắng đầu cuối | C93: 1. Click textbox 2. Nhập kí tự có khoảng trắng đầu cuối ' abc ' | D93: 2. Cho phép nhập - Hệ thống tự trim space | E93: P | H93: P | Q93: P
A94: =IF(AND(D94="",D94=""),"",$D$3&"_"&ROW()-11-COUNTBLANK($D$12:D94)) | B94: Kiểm tra nhập text có chứa chữ thường | C94: 1. Click textbox 2. Nhập chữ thường 'abc' | D94: 2. Cho phép nhập - Hiển thị giá trị đã nhập | E94: P | H94: P | Q94: P
A95: =IF(AND(D95="",D95=""),"",$D$3&"_"&ROW()-11-COUNTBLANK($D$12:D95)) | B95: Kiêm tra nhâp text có chứa chữ hoa | C95: 1. Click textbox 2. Nhập chữ hoa 'ABC' | D95: 2. Cho phép nhập - Hiển thị giá trị đã nhập | E95: P | H95: P | Q95: P
A96: =IF(AND(D96="",D96=""),"",$D$3&"_"&ROW()-11-COUNTBLANK($D$12:D96)) | B96: Kiểm tra nhập tiếng Việt có dấu | C96: 1. Click textbox 2. Nhập dữ liệu: ' xin chào' | D96: 2. Cho phép nhập - Hiển thị giá trị đã nhập | E96: P | H96: P | Q96: P
A97: =IF(AND(D97="",D97=""),"",$D$3&"_"&ROW()-11-COUNTBLANK($D$12:D97)) | B97: Kiểm tra nhập ký tự đặc biệt | C97: 1. Click textbox 2. Nhập ký tự đặc biệt '@#' | D97: 2. Cho phép nhập - Hiển thị giá trị đã nhập | E97: P | H97: P | Q97: P
A98: =IF(AND(D98="",D98=""),"",$D$3&"_"&ROW()-11-COUNTBLANK($D$12:D98)) | B98: Kiểm tra nhập số | C98: 1. Click textbox 2. Nhập ký tự số '123' | D98: 2. Cho phép nhập - Hiển thị giá trị đã nhập | E98: P | H98: P | Q98: P
A99: =IF(AND(D99="",D99=""),"",$D$3&"_"&ROW()-11-COUNTBLANK($D$12:D99)) | B99: Kiểm tra trường hợp nhập giá trị ký tự là chữ vào textbox | C99: 1. Tại màn hình Thông tin về bạn 2. Người dùng nhập giá trị có ký tự là chữ 3. Kiểm tra hiển thị | D99: 3. Ghi nhận giá trị đã nhập | E99: P | H99: P | Q99: P
A100: =IF(AND(D100="",D100=""),"",$D$3&"_"&ROW()-11-COUNTBLANK($D$12:D100)) | B100: Kiểm tra nhập ký tự đặc biệt, emoji vào textbox | C100: 1. Nhập ký tự đặc biệt vào textbox 2. Kiểm tra textbox Địa chỉ hiển thị | D100: 2. Cho phép nhập | E100: P | H100: P | Q100: P
... A104: =IF(AND(D104="",D104=""),"",$D$3&"_"&ROW()-11-COUNTBLANK($D$12:D104)) | B104: Kiểm tra xóa giá trị đã nhập tại textbox | C104: 1. Tại màn hình Quan tâm 2. Xóa dữ liệu Địa chỉ hợp lệ | D104: 2. Xóa thành công | E104: P | H104: P | Q104: P
A105: =IF(AND(D105="",D105=""),"",$D$3&"_"&ROW()-11-COUNTBLANK($D$12:D105)) | B105: Validate trường Nội dung yêu cầu
A106: =IF(AND(D106="",D106=""),"",$D$3&"_"&ROW()-11-COUNTBLANK($D$12:D106)) | B106: Kiểm tra trường bắt buộc | C106: 1. Để tróng trường Địa chỉ 2. Click Xác nhận | D106: 2. Cho phép để trống | E106: P | H106: P | Q106: P
A107: =IF(AND(D107="",D107=""),"",$D$3&"_"&ROW()-11-COUNTBLANK($D$12:D107)) | B107: Kiểm tra placeholder | C107: 1. Quan sát textbox khi chưa nhập 2. Hover/click vào textbox | D107: 2. placeholder hiển thị là 'Địa chỉ' | E107: P | H107: P | Q107: P
A108: =IF(AND(D108="",D108=""),"",$D$3&"_"&ROW()-11-COUNTBLANK($D$12:D108)) | B108: Kiểm tra nhập Địa chỉ hợp lệ | C108: 1. Tại màn hình Quan tâm 2. Nhập giá trị Địa chỉ hợp lệ vào textbox | D108: 2. Ghi nhận giá trị đã nhập | E108: P | H108: P | Q108: P
A109: =IF(AND(D109="",D109=""),"",$D$3&"_"&ROW()-11-COUNTBLANK($D$12:D109)) | B109: Kiểm tra nhập all space | C109: 1. Click textbox 2. Nhập khoảng trắng " " | D109: 2. Hệ thống không crash, cho phép nhập nhưng không tự động chạy tìm kiếm | E109: P | H109: P | Q109: P
A110: =IF(AND(D110="",D110=""),"",$D$3&"_"&ROW()-11-COUNTBLANK($D$12:D110)) | B110: Kiểm tra nhập text có khoảng trắng đầu cuối | C110: 1. Click textbox 2. Nhập kí tự có khoảng trắng đầu cuối ' abc ' | D110: 2. Cho phép nhập - Hệ thống tự trim space | E110: P | H110: P | Q110: P
A111: =IF(AND(D111="",D111=""),"",$D$3&"_"&ROW()-11-COUNTBLANK($D$12:D111)) | B111: Kiểm tra nhập text có chứa chữ thường | C111: 1. Click textbox 2. Nhập chữ thường 'abc' | D111: 2. Cho phép nhập - Hiển thị giá trị đã nhập | E111: P | H111: P | Q111: P
A112: =IF(AND(D112="",D112=""),"",$D$3&"_"&ROW()-11-COUNTBLANK($D$12:D112)) | B112: Kiêm tra nhâp text có chứa chữ hoa | C112: 1. Click textbox 2. Nhập chữ hoa 'ABC' | D112: 2. Cho phép nhập - Hiển thị giá trị đã nhập | E112: P | H112: P | Q112: P
...

Sheet 6.AboutUnitel
C1: KỊCH BẢN KIỂM THỬ *
C2: Tên màn hình/Tên chức năng | D2: About/Unitel
C3: Mã trường hợp kiểm thử | D3: WBS-6
C4: Số trường hợp kiểm thử đạt (P) | D4: =COUNTIF($Q$12:$Q$115,"P")
C5: Số trường hợp kiểm thử không đạt (F) | D5: =COUNTIF($Q$12:$Q$115,"F")
C6: Số trường hợp kiểm thử đang xem xét (PE) | D6: =COUNTIF($Q$12:$Q$115,"PE")
C7: Số trường hợp kiểm thử chưa thực hiện | D7: =D8-D4-D5-D6
C8: Tổng số trường hợp kiểm thử | D8: =COUNTA($D$12:$D$115)
A10: Mã trường hợp kiểm thử | B10: Mục đích kiểm thử | C10: Các bước thực hiện | D10: Kết quả mong muốn | E10: Android | H10: IOS | K10: <Tên trình duyệt 3> | N10: <Tên trình duyệt 4> | Q10: Kết quả hiện tại | R10: Mã lỗi | S10: Ghi chú
E11: Lần 1 | F11: Lần 2 | G11: Lần 3 | H11: Lần 1 | I11: Lần 2 | J11: Lần 3 | K11: Lần 1 | L11: Lần 2 | M11: Lần 3 | N11: Lần 1 | O11: Lần 2 | P11: Lần 3
A12: =IF(AND(D12="",D12=""),"",$D$3&"_"&ROW()-11-COUNTBLANK($D$12:D12)) | B12: WBS 6.24: Màn hình About/Unitel
A13: =IF(AND(D13="",D13=""),"",$D$3&"_"&ROW()-11-COUNTBLANK($D$12:D13)) | B13: Giao diện (Phần này viết các trường hợp kiểm thử cho giao diên chung và các giao diện cho các control)
B14: Giao diện chung
A15: =IF(AND(D15="",D15=""),"",$D$3&"_"&ROW()-11-COUNTBLANK($D$12:D15)) | B15: Kiểm tra giao diện mặc định | C15: Pre: Hệ thống hoạt động bình thường 1. Mở app 2. Truy cập màn About Unitel | D15: 2. Hiển thị đúng nội dung màn About Unitel gồm các thành phần: - Header: + Header (logo + navigation) + Banner / Video: - Thông tin chung: + Logo Unitel (image) + Tiêu đề section: “Giới thiệu” + Nội dung mô tả (Rich text từ CMS) + Button Expand/Collapse (Xem thêm) - Block thông tin: + Block Tầm nhìn (Card + icon + nội dung) + Block Sứ mệnh (Card + icon + nội dung) - Năng lực hạ tầng: + Tiêu đề section: “Năng lực hạ tầng” + Infographic preview (circular layout từ CMS) + Button “Xem chi tiết” - Đối tác tiêu biểu: + Tiêu đề section: “Đối tác tiêu biểu” + Danh sách đối tác (Horizontal list) + Logo đối tác (image từ CMS) - Giải thưởng và thành tựu: + Tiêu đề section: “Giải thưởng và thành tựu” + Danh sách giải thưởng (list từ CMS) + Icon/Ảnh minh họa + Nội dung mô tả Bottom navigation: Trang chủ / Quan tâm / Logo / Thông báo / Tài khoản | E15: P | H15: P | Q15: P
A16: =IF(AND(D16="",D16=""),"",$D$3&"_"&ROW()-11-COUNTBLANK($D$12:D16)) | C16: Hình ảnh | E16: P | H16: P | Q16: P
A17: =IF(AND(D17="",D17=""),"",$D$3&"_"&ROW()-11-COUNTBLANK($D$12:D17)) | B17: Kiểm tra tổng thể giao diện màn hình | C17: 1. Kiểm tra chính tả. bố cục, màu chữ, font chữ 2. Kiểm tra textbox, button, lỗi chính tả | D17: 1. Các label, textbox, combo cùng font chữ, cỡ chữ, căn lề trái, có độ dài, rộng và khoảng cách bằng nhau, không xô lệch 2. Không có lỗi chính tả, cấu trúc câu, ngữ pháp trên màn hình, form được bố trí hợp lý và dễ sử dụng. | E17: P | H17: P | Q17: P
A18: =IF(AND(D18="",D18=""),"",$D$3&"_"&ROW()-11-COUNTBLANK($D$12:D18)) | B18: Kiểm tra hiển thị banner/video | C18: 1. Quan sát khu vực banner | D18: 1. - Hiển thị đúng hình/video từ CMS- Không bị méo hoặc vỡ | E18: P | H18: P | Q18: P
A19: =IF(AND(D19="",D19=""),"",$D$3&"_"&ROW()-11-COUNTBLANK($D$12:D19)) | B19: Kiểm tra hiển thị section nội dung | C19: 1. Scroll màn hình | D19: 1. - Hiển thị đủ các section- Khoảng cách hợp lý | E19: P | H19: P | Q19: P
A20: =IF(AND(D20="",D20=""),"",$D$3&"_"&ROW()-11-COUNTBLANK($D$12:D20)) | B20: Kiểm tra hiển thị section Hạ tầng | C20: 1. Scroll tới Hạ tầng | D20: 1. - Hiển thị infographic/icon- Có tiêu đề + mô tả | E20: P | H20: P | Q20: P
A21: =IF(AND(D21="",D21=""),"",$D$3&"_"&ROW()-11-COUNTBLANK($D$12:D21)) | B21: Kiểm tra hiển thị section Đối tác | C21: 1. Scroll tới Đối tác | D21: 1. - Hiển thị danh sách logo- Logo rõ ràng | E21: P | H21: P | Q21: P
A22: =IF(AND(D22="",D22=""),"",$D$3&"_"&ROW()-11-COUNTBLANK($D$12:D22)) | B22: Kiểm tra hiển thị section Thành tựu | C22: 1. Scroll tới Thành tựu | D22: 1. - Hiển thị danh sách thành tựu- Có text + icon | E22: P | H22: P | Q22: P
A23: =IF(AND(D23="",D23=""),"",$D$3&"_"&ROW()-11-COUNTBLANK($D$12:D23)) | B23: Kiểm tra chuyển Light → Dark | C23: 1. Đổi theme | D23: 1. UI cập nhật đúng, không reload | E23: P | H23: P | Q23: P
A24: =IF(AND(D24="",D24=""),"",$D$3&"_"&ROW()-11-COUNTBLANK($D$12:D24)) | B24: Kiểm tra hiển thị Light mode | C24: 1. Set Light mode | D24: 1. UI nền sáng, text rõ | E24: P | H24: P | Q24: P
A25: =IF(AND(D25="",D25=""),"",$D$3&"_"&ROW()-11-COUNTBLANK($D$12:D25)) | B25: Kiểm tra hiển thị Dark mode | C25: 1. Set Dark mode | D25: 1. UI nền tối, text rõ | E25: P | H25: P | Q25: P
A26: =IF(AND(D26="",D26=""),"",$D$3&"_"&ROW()-11-COUNTBLANK($D$12:D26)) | B26: Kiểm tra scroll màn hình | C26: 1. Scroll lên/xuống | D26: 1. Scroll mượt, không lag | E26: P | H26: P | Q26: P
A27: =IF(AND(D27="",D27=""),"",$D$3&"_"&ROW()-11-COUNTBLANK($D$12:D27)) | B27: Set font chữ lớn (Accessibility) | C27: 1. Tăng font size 2. Mở màn About | D27: 2. - Text hiển thị đầy đủ- Không vỡ layout | E27: P | H27: P | Q27: P
A28: =IF(AND(D28="",D28=""),"",$D$3&"_"&ROW()-11-COUNTBLANK($D$12:D28)) | B28: Set font chữ nhỏ | C28: 1. Giảm font size 2. Mở màn | D28: 2. UI hiển thị cân đối | E28: P | H28: P | Q28: P
... A35: =IF(AND(D35="",D35=""),"",$D$3&"_"&ROW()-11-COUNTBLANK($D$12:D35)) | B35: Test nhiều màn hình | C35: 1. Test device nhỏ/lớn | D35: 1. Không vỡ layout | E35: P | H35: P | Q35: P
A36: =IF(AND(D36="",D36=""),"",$D$3&"_"&ROW()-11-COUNTBLANK($D$12:D36)) | B36: WBS 6.25: Luồng hiển thị video
A37: =IF(AND(D37="",D37=""),"",$D$3&"_"&ROW()-11-COUNTBLANK($D$12:D37)) | B37: Giao diện (Phần này viết các trường hợp kiểm thử cho giao diên chung và các giao diện cho các control)
A38: =IF(AND(D38="",D38=""),"",$D$3&"_"&ROW()-11-COUNTBLANK($D$12:D38)) | B38: Giao diện chung
A39: =IF(AND(D39="",D39=""),"",$D$3&"_"&ROW()-11-COUNTBLANK($D$12:D39)) | B39: Kiểm tra hiển thị video mặc định | C39: Pre: CMS có cấu hình video/banner 1. Truy cập màn About us 2. Quan sát khu vực banner/video | D39: 2. Video/banner hiển thị: - Hiển thị đúng dữ liệu từ CMS - Không vỡ/méo hình - Đúng vị trí layout | E39: P | H39: P | Q39: P
A40: =IF(AND(D40="",D40=""),"",$D$3&"_"&ROW()-11-COUNTBLANK($D$12:D40)) | C40: Pre: CMS không có video 1. Truy cập màn About us 2. Quan sát khu vực banner/video | D40: 2. Khu vực video: - Không hiển thị video hoặc hiển thị ảnh thay thế - Không lỗi UI | E40: P | H40: P | Q40: P
A41: =IF(AND(D41="",D41=""),"",$D$3&"_"&ROW()-11-COUNTBLANK($D$12:D41)) | C41: Hình ảnh | E41: P | H41: P | Q41: P
A42: =IF(AND(D42="",D42=""),"",$D$3&"_"&ROW()-11-COUNTBLANK($D$12:D42)) | B42: Kiểm tra loading video | C42: Pre: Mạng chậm 1. Truy cập màn About 2. Quan sát video | D42: 2. Video hiển thị: - Có loading - Không treo màn hình | E42: P | H42: P | Q42: P
A43: =IF(AND(D43="",D43=""),"",$D$3&"_"&ROW()-11-COUNTBLANK($D$12:D43)) | B43: Kiểm tra API lỗi | C43: Pre: API trả lỗi 1. Truy cập màn About 2. Quan sát video | D43: 2. Video hiển thị: - Không crash - UI vẫn hiển thị bình thường | E43: P | H43: P | Q43: P
A44: =IF(AND(D44="",D44=""),"",$D$3&"_"&ROW()-11-COUNTBLANK($D$12:D44)) | B44: Kiểm tra hiển thị responsive | C44: Pre: Bình thường 1. Truy cập màn About 2. Test nhiều kích thước màn hình | D44: 2. Video hiển thị: - Đúng kích thước - Không vỡ layout | E44: P | H44: P | Q44: P
A45: =IF(AND(D45="",D45=""),"",$D$3&"_"&ROW()-11-COUNTBLANK($D$12:D45)) | B45: Chức năng (Phần này viết các trường hợp kiểm thử kiểm tra các ràng buộc trong cơ sở dữ liệu và cho các luồng nghiệp vụ trong tài liệu giải pháp, tích hợp với các chức năng khác) | Q45: =IF(OR(IF(G45="",IF(F45="",IF(E45="","",E45),F45),G45)="F",IF(J45="",IF(I45="",IF(H45="","",H45),I45),J45)="F",IF(M45="",IF(L45="",IF(K45="","",K45),L45),M45)="F",IF(P45="",IF(O45="",IF(N45="","",N45),O45),P45)="F")=TRUE,"F",IF(OR(IF(G45="",IF(F45="",IF(E45="","",E45),F45),G45)="PE",IF(J45="",IF(I45="",IF(H45="","",H45),I45),J45)="PE",IF(M45="",IF(L45="",IF(K45="","",K45),L45),M45)="PE",IF(P45="",IF(O45="",IF(N45="","",N45),O45),P45)="PE")=TRUE,"PE",IF(AND(IF(G45="",IF(F45="",IF(E45="","",E45),F45),G45)="",IF(J45="",IF(I45="",IF(H45="","",H45),I45),J45)="",IF(M45="",IF(L45="",IF(K45="","",K45),L45),M45)="",IF(P45="",IF(O45="",IF(N45="","",N45),O45),P45)="")=TRUE,"","P")))
A46: =IF(AND(D46="",D46=""),"",$D$3&"_"&ROW()-11-COUNTBLANK($D$12:D46)) | B46: Kiểm tra play video bằng nút Play | C46: 1. Truy cập màn hình 2. Nhấn nút Play | D46: 2. Video bắt đầu phát Thanh progress hoạt động Âm thanh | E46: P | H46: P | Q46: P
A47: =IF(AND(D47="",D47=""),"",$D$3&"_"&ROW()-11-COUNTBLANK($D$12:D47)) | B47: Kiểm tra auto play | C47: Pre: Video có auto play 1. Truy cập màn hình | D47: 1. Video tự động phát khi load xong | E47: P | H47: P | Q47: P
A48: =IF(AND(D48="",D48=""),"",$D$3&"_"&ROW()-11-COUNTBLANK($D$12:D48)) | B48: Kiểm tra pause video | C48: 1. Đang phát video 2. Nhấn Pause | D48: 2. Video dừng tại vị trí hiện tại | E48: P | H48: P | Q48: P
A49: =IF(AND(D49="",D49=""),"",$D$3&"_"&ROW()-11-COUNTBLANK($D$12:D49)) | B49: Kiểm tra resume video | C49: 1. Pause video Nhấn Play lại | D49: 2. Video tiếp tục phát từ vị trí đã dừng | E49: P | H49: P | Q49: P
A50: =IF(AND(D50="",D50=""),"",$D$3&"_"&ROW()-11-COUNTBLANK($D$12:D50)) | B50: Kiểm tra tua (seek) video | C50: 1. Đang phát video 2. Kéo thanh timeline | D50: 2. Video chuyển đến vị trí được chọn | E50: P | H50: P | Q50: P
A51: =IF(AND(D51="",D51=""),"",$D$3&"_"&ROW()-11-COUNTBLANK($D$12:D51)) | B51: Kiểm tra video kết thúc | C51: 1. Phát video đến cuối | D51: 1. Video dừng Hiển thị trạng thái replay hoặc thumbnail | E51: P | H51: P | Q51: P
A52: =IF(AND(D52="",D52=""),"",$D$3&"_"&ROW()-11-COUNTBLANK($D$12:D52)) | B52: Kiểm tra replay video | C52: 1. Video kết thúc 2. Nhấn replay | D52: 2. Video phát lại từ đầu | E52: P | H52: P | Q52: P
A53: =IF(AND(D53="",D53=""),"",$D$3&"_"&ROW()-11-COUNTBLANK($D$12:D57)) | B53: Kiểm tra âm thanh video | C53: 1. Phát video 2. Quan sát âm thanh | D53: 2. Âm thanh phát bình thường, không bị mất tiếng | E53: P | H53: P | Q53: P
A54: =IF(AND(D54="",D54=""),"",$D$3&"_"&ROW()-11-COUNTBLANK($D$12:D57)) | B54: Kiểm tra xem video ở chế độ toàn màn hình (fullscreen) | C54: 1. Truy cập màn hình About Unitel 2. Nhấn Play video 3. Nhấn icon fullscreen | D54: 3. Video hiển thị toàn màn hình: - Đúng tỉ lệ - Không vỡ hình - Không che/mất control | E54: P | H54: P | Q54: P
A55: =IF(AND(D55="",D55=""),"",$D$3&"_"&ROW()-11-COUNTBLANK($D$12:D57)) | B55: Kiểm tra thoát chế độ toàn màn hình | C55: 1. Video đang ở fullscreen 2. Nhấn thoát fullscreen | D55: 2. Quay lại màn hình About Unitel - Video tiếp tục phát hoặc giữ trạng thái trước đó | E55: P | H55: P | Q55: P
A56: =IF(AND(D56="",D56=""),"",$D$3&"_"&ROW()-11-COUNTBLANK($D$12:D57)) | B56: Kiểm tra thay đổi tốc độ phát video (speed) | C56: 1. Phát video 2. Chọn speed (0.5x / 1x / 1.5x / 2x) | D56: 2. Video phát đúng theo tốc độ đã chọn - Âm thanh không bị méo - Không lag | E56: P | H56: P | Q56: P
A57: =IF(AND(D57="",D57=""),"",$D$3&"_"&ROW()-11-COUNTBLANK($D$12:D58)) | B57: Kiểm tra chuyển đổi nhiều tốc độ liên tục | C57: 1. Phát video 2. Thay đổi speed nhiều lần liên tục | D57: 2. Video vẫn hoạt động bình thường - Không crash - Không sai tốc độ | E57: P | H57: P | Q57: P
A58: =IF(AND(D58="",D58=""),"",$D$3&"_"&ROW()-11-COUNTBLANK($D$12:D58)) | B58: WBS 6.26: Luồng hiển thị nội dung
A59: =IF(AND(D59="",D59=""),"",$D$3&"_"&ROW()-11-COUNTBLANK($D$12:D59)) | B59: Giao diện (Phần này viết các trường hợp kiểm thử cho giao diên chung và các giao diện cho các control)
A60: =IF(AND(D60="",D60=""),"",$D$3&"_"&ROW()-11-COUNTBLANK($D$12:D60)) | B60: Kiểm tra hiển thị nội dung mô tả | C60: Pre: Có internet 1. Truy cập màn hình About Unitel 2. Quan sát section “Giới thiệu | D60: "2. Hiển thị: - Tiêu đề section: “Giới thiệu” - Nội dung mô tả (Rich Text) từ CMS Block thông tin: - Block Tầm nhìn: + Icon minh họa + Nội dung từ CMS - Block Sứ mệnh: + Icon minh họa + Nội dung từ CMS - Hiển thị đúng layout card, không vỡ UI | E60: P | H60: P | Q60: P
A61: =IF(AND(D61="",D61=""),"",$D$3&"_"&ROW()-11-COUNTBLANK($D$12:D61)) | B61: Kiểm tra dữ liệu nội dung từ CMS | C61: 1. Truy cập màn hình About Unitel 2. Quan sát nội dung | D61: 2. Nội dung hiển thị đúng dữ liệu từ CMS Không thiếu Không sai lệch | E61: P | H61: P | Q61: P
A62: =IF(AND(D62="",D62=""),"",$D$3&"_"&ROW()-11-COUNTBLANK($D$12:D62)) | B62: Kiểm tra khi không có dữ liệu | C62: Pre: CMS không có dữ liệu 1. Truy cập màn hình | D62: 1. Không hiển thị nội dung hoặc hiển thị empty state | E62: P | H62: P | Q62: P
A63: =IF(AND(D63="",D63=""),"",$D$3&"_"&ROW()-11-COUNTBLANK($D$12:D63)) | B63: Chức năng (Phần này viết các trường hợp kiểm thử kiểm tra các ràng buộc trong cơ sở dữ liệu và cho các luồng nghiệp vụ trong tài liệu giải pháp, tích hợp với các chức năng khác) | Q63: =IF(OR(IF(G63="",IF(F63="",IF(E63="","",E63),F63),G63)="F",IF(J63="",IF(I63="",IF(H63="","",H63),I63),J63)="F",IF(M63="",IF(L63="",IF(K63="","",K63),L63),M63)="F",IF(P63="",IF(O63="",IF(N63="","",N63),O63),P63)="F")=TRUE,"F",IF(OR(IF(G63="",IF(F63="",IF(E63="","",E63),F63),G63)="PE",IF(J63="",IF(I63="",IF(H63="","",H63),I63),J63)="PE",IF(M63="",IF(L63="",IF(K63="","",K63),L63),M63)="PE",IF(P63="",IF(O63="",IF(N63="","",N63),O63),P63)="PE")=TRUE,"PE",IF(AND(IF(G63="",IF(F63="",IF(E63="","",E63),F63),G63)="",IF(J63="",IF(I63="",IF(H63="","",H63),I63),J63)="",IF(M63="",IF(L63="",IF(K63="","",K63),L63),M63)="",IF(P63="",IF(O63="",IF(N63="","",N63),O63),P63)="")=TRUE,"","P")))
A64: =IF(AND(D64="",D64=""),"",$D$3&"_"&ROW()-11-COUNTBLANK($D$12:D64)) | B64: Hiển thị nội dung sau khi gọi API thành công | C64: 1. Truy cập màn hình About Unitel | D64: 1. Frontend gọi API lấy dữ liệu 2. Backend trả dữ liệu từ CMS 3. Nội dung mô tả được hiển thị đúng trên U | E64: P | H64: P | Q64: P
A65: =IF(AND(D65="",D65=""),"",$D$3&"_"&ROW()-11-COUNTBLANK($D$12:D65)) | B65: Kiểm tra render nội dung từ CMS | C65: 1. Truy cập màn hình About Unitel 2. Quan sát nội dung | D65: 2. Nội dung hiển thị đúng dữ liệu CMS Đúng text Đúng cấu trúc | E65: P | H65: P | Q65: P
A66: =IF(AND(D66="",D66=""),"",$D$3&"_"&ROW()-11-COUNTBLANK($D$12:D66)) | B66: Kiểm tra reload dữ liệu nội dung | C66: 1. Truy cập màn hình 2. Reload màn hình | D66: 2. Frontend gọi lại API 3. Nội dung được load lại từ CMS | E66: P | H66: P | Q66: P
A67: =IF(AND(D67="",D67=""),"",$D$3&"_"&ROW()-11-COUNTBLANK($D$12:D67)) | B67: Kiểm tra khi API lỗi | C67: Pre: API lỗi 1. Truy cập màn hình | D67: 1. Không hiển thị nội dung 2. Hiển thị trạng thái lỗi hoặc empty state | E67: P | H67: P | Q67: P
A68: =IF(AND(D68="",D68=""),"",$D$3&"_"&ROW()-11-COUNTBLANK($D$12:D68)) | B68: WBS 6.27: Luồng hiển thị hạ tầng
A69: =IF(AND(D69="",D69=""),"",$D$3&"_"&ROW()-11-COUNTBLANK($D$12:D69)) | B69: Giao diện (Phần này viết các trường hợp kiểm thử cho giao diên chung và các giao diện cho các control)
A70: =IF(AND(D70="",D70=""),"",$D$3&"_"&ROW()-11-COUNTBLANK($D$12:D70)) | B70: Kiểm tra hiển thị Infographic preview | C70: 1. Truy cập màn hình About Unitel 2. Scroll tới section “Năng lực hạ tầng” 3. Quan sát infographic preview | D70: 3. Hiển thị infographic: - Dạng circular layout - Hiển thị đầy đủ icon các nhóm (viễn thông, data center, …) - Không lệch layout | E70: P | H70: P | Q70: P
A71: =IF(AND(D71="",D71=""),"",$D$3&"_"&ROW()-11-COUNTBLANK($D$12:D71)) | B71: Kiểm tra Infographic preview tự động xoay (auto rotate) | C71: 1. Truy cập section “Năng lực hạ tầng” 2. Quan sát infographic trong 10–15 giây | D71: 2. Infographic tự động xoay: - Mỗi ~5 giây chuyển sang item tiếp theo - Không giật lag - Không nhảy sai thứ tự | E71: P | H71: P | Q71: P
A72: =IF(AND(D72="",D72=""),"",$D$3&"_"&ROW()-11-COUNTBLANK($D$12:D72)) | B72: Kiểm tra vòng lặp của animation xoay infographic | C72: 1. Quan sát infographic liên tục | D72: 1. Sau khi hết danh sách: - Quay lại item đầu - Loop liên tục - Không bị đứng | E72: P | H72: P | Q72: P
A73: =IF(AND(D73="",D73=""),"",$D$3&"_"&ROW()-11-COUNTBLANK($D$12:D73)) | B73: Kiểm tra hiển thị nội dung khi infographic xoay | C73: 1. Quan sát từng lần xoay | D73: 1. Mỗi item hiển thị đúng: - Icon - Tên nhóm - Mô tả (nếu có) - Đúng dữ liệu từ CMS | E73: P | H73: P | Q73: P
A74: =IF(AND(D74="",D74=""),"",$D$3&"_"&ROW()-11-COUNTBLANK($D$12:D74)) | B74: Kiểm tra animation xoay khi scroll vào màn hình | C74: 1. Scroll ra khỏi section 2. Scroll lại vào section | D74: 2. Infographic: - Tiếp tục hoặc restart animation đúng logic - Không bị đứng hoặc lỗi animation | E74: P | H74: P | Q74: P
A75: =IF(AND(D75="",D75=""),"",$D$3&"_"&ROW()-11-COUNTBLANK($D$12:D75)) | B75: Kiểm tra infographic khi không có dữ liệu | C75: Pre: CMS không có dữ liệu 1. Truy cập section | D75: 1. Không hiển thị infographic hoặc hiển thị empty state | E75: P | H75: P | Q75: P
A76: =IF(AND(D76="",D76=""),"",$D$3&"_"&ROW()-11-COUNTBLANK($D$12:D76)) | B76: Kiểm tra hiển thị section “Năng lực hạ tầng” | C76: 1. Truy cập màn hình About Unitel 2. Scroll tới section “Năng lực hạ tầng | D76: 2. Hiển thị: Tiêu đề “Năng lực hạ tầng” Infographic dạng circular layout | E76: P | H76: P | Q76: P
A77: =IF(AND(D77="",D77=""),"",$D$3&"_"&ROW()-11-COUNTBLANK($D$12:D77)) | B77: Kiểm tra hiển thị infographic từ CMS | C77: Pre: CMS có dữ liệu 1. Truy cập màn hình 2. Quan sát infographic | D77: 2. Infographic hiển thị: Các nhóm hạ tầng (icon) Đúng số lượng từ CMS Layout dạng circular đúng design | E77: P | H77: P | Q77: P
A78: =IF(AND(D78="",D78=""),"",$D$3&"_"&ROW()-11-COUNTBLANK($D$12:D78)) | B78: Kiểm tra hiển thị icon từng nhóm | C78: 1. Truy cập section 2. Quan sát các icon | D78: 2. Mỗi nhóm hiển thị: Icon Không lỗi hình ảnh Không vỡ layout | E78: P | H78: P | Q78: P
A79: =IF(AND(D79="",D79=""),"",$D$3&"_"&ROW()-11-COUNTBLANK($D$12:D79)) | B79: Kiểm tra hiển thị khi không có dữ liệu | C79: Pre: CMS không có dữ liệu 1. Truy cập section | D79: 1. Không hiển thị infographic hoặc hiển thị empty state | E79: P | H79: P | Q79: P
A80: =IF(AND(D80="",D80=""),"",$D$3&"_"&ROW()-11-COUNTBLANK($D$12:D80)) | B80: Kiểm tra đa ngôn ngữ | C80: 1. Đổi ngôn ngữ 2. Truy cập section | D80: 2. Nội dung hiển thị đúng ngôn ngữ Không lỗi font Không sai text | E80: P | H80: P | Q80: P
A81: =IF(AND(D81="",D81=""),"",$D$3&"_"&ROW()-11-COUNTBLANK($D$12:D81)) | B81: Chức năng (Phần này viết các trường hợp kiểm thử kiểm tra các ràng buộc trong cơ sở dữ liệu và cho các luồng nghiệp vụ trong tài liệu giải pháp, tích hợp với các chức năng khác) | Q81: =IF(OR(IF(G81="",IF(F81="",IF(E81="","",E81),F81),G81)="F",IF(J81="",IF(I81="",IF(H81="","",H81),I81),J81)="F",IF(M81="",IF(L81="",IF(K81="","",K81),L81),M81)="F",IF(P81="",IF(O81="",IF(N81="","",N81),O81),P81)="F")=TRUE,"F",IF(OR(IF(G81="",IF(F81="",IF(E81="","",E81),F81),G81)="PE",IF(J81="",IF(I81="",IF(H81="","",H81),I81),J81)="PE",IF(M81="",IF(L81="",IF(K81="","",K81),L81),M81)="PE",IF(P81="",IF(O81="",IF(N81="","",N81),O81),P81)="PE")=TRUE,"PE",IF(AND(IF(G81="",IF(F81="",IF(E81="","",E81),F81),G81)="",IF(J81="",IF(I81="",IF(H81="","",H81),I81),J81)="",IF(M81="",IF(L81="",IF(K81="","",K81),L81),M81)="",IF(P81="",IF(O81="",IF(N81="","",N81),O81),P81)="")=TRUE,"","P")))
A82: =IF(AND(D82="",D82=""),"",$D$3&"_"&ROW()-11-COUNTBLANK($D$12:D82)) | B82: Kiểm tra click vào icon hạ tầng | C82: 1. Truy cập section 2. Nhấn vào 1 icon bất kỳ | D82: 2. Hiển thị nội dung chi tiết của nhóm đó - Tên nhóm - Mô tả | E82: P | H82: P | Q82: P
A83: =IF(AND(D83="",D83=""),"",$D$3&"_"&ROW()-11-COUNTBLANK($D$12:D83)) | B83: Kiểm tra dữ liệu chi tiết từ CMS | C83: 1. Nhấn vào icon 2. Quan sát nội dung | D83: 2. Nội dung hiển thị đúng dữ liệu CMS - Đúng tên - Đúng mô tả | E83: P | H83: P | Q83: P
A84: =IF(AND(D84="",D84=""),"",$D$3&"_"&ROW()-11-COUNTBLANK($D$12:D84)) | B84: Kiểm tra chuyển đổi giữa các icon | C84: 1. Nhấn icon A 2. Nhấn icon B | D84: 2. Nội dung cập nhật theo icon được chọn - Không bị giữ dữ liệu cũ | E84: P | H84: P | Q84: P
A85: =IF(AND(D85="",D85=""),"",$D$3&"_"&ROW()-11-COUNTBLANK($D$12:D85)) | B85: WBS 6.28: Luồng hiển thị đối tác
A86: =IF(AND(D86="",D86=""),"",$D$3&"_"&ROW()-11-COUNTBLANK($D$12:D86)) | B86: Giao diện (Phần này viết các trường hợp kiểm thử cho giao diên chung và các giao diện cho các control)
A87: =IF(AND(D87="",D87=""),"",$D$3&"_"&ROW()-11-COUNTBLANK($D$12:D87)) | B87: Kiểm tra hiển thị section “Đối tác tiêu biểu” | C87: 1. Truy cập màn hình About Unitel 2. Scroll tới section “Đối tác tiêu biểu | D87: 2. Hiển thị: - Tiêu đề “Đối tác tiêu biểu” - Danh sách đối tác dạng horizontal list | E87: P | H87: P | Q87: P
A88: =IF(AND(D88="",D88=""),"",$D$3&"_"&ROW()-11-COUNTBLANK($D$12:D88)) | B88: Kiểm tra hiển thị danh sách đối tác từ CMS | C88: Pre: CMS có dữ liệu 1. Truy cập section 2. Quan sát danh sách | D88: 2. Danh sách hiển thị: - Đúng số lượng đối tác - Đúng thứ tự từ CMS | E88: P | H88: P | Q88: P
A89: =IF(AND(D89="",D89=""),"",$D$3&"_"&ROW()-11-COUNTBLANK($D$12:D89)) | B89: Kiểm tra hiển thị logo đối tác | C89: 1. Truy cập section 2. Quan sát logo | D89: 2. Logo hiển thị: - Đúng hình ảnh từ CMS - Không bị vỡ hoặc méo ảnh | E89: P | H89: P | Q89: P
A90: =IF(AND(D90="",D90=""),"",$D$3&"_"&ROW()-11-COUNTBLANK($D$12:D90)) | B90: Kiểm tra hiển thị khi không có dữ liệu | C90: Pre: CMS không có dữ liệu 1. Truy cập section | D90: 1. Không hiển thị danh sách hoặc hiển thị empty state | E90: P | H90: P | Q90: P
A91: =IF(AND(D91="",D91=""),"",$D$3&"_"&ROW()-11-COUNTBLANK($D$12:D91)) | B91: Chức năng (Phần này viết các trường hợp kiểm thử kiểm tra các ràng buộc trong cơ sở dữ liệu và cho các luồng nghiệp vụ trong tài liệu giải pháp, tích hợp với các chức năng khác) | Q91: =IF(OR(IF(G91="",IF(F91="",IF(E91="","",E91),F91),G91)="F",IF(J91="",IF(I91="",IF(H91="","",H91),I91),J91)="F",IF(M91="",IF(L91="",IF(K91="","",K91),L91),M91)="F",IF(P91="",IF(O91="",IF(N91="","",N91),O91),P91)="F")=TRUE,"F",IF(OR(IF(G91="",IF(F91="",IF(E91="","",E91),F91),G91)="PE",IF(J91="",IF(I91="",IF(H91="","",H91),I91),J91)="PE",IF(M91="",IF(L91="",IF(K91="","",K91),L91),M91)="PE",IF(P91="",IF(O91="",IF(N91="","",N91),O91),P91)="PE")=TRUE,"PE",IF(AND(IF(G91="",IF(F91="",IF(E91="","",E91),F91),G91)="",IF(J91="",IF(I91="",IF(H91="","",H91),I91),J91)="",IF(M91="",IF(L91="",IF(K91="","",K91),L91),M91)="",IF(P91="",IF(O91="",IF(N91="","",N91),O91),P91)="")=TRUE,"","P")))
A92: =IF(AND(D92="",D92=""),"",$D$3&"_"&ROW()-11-COUNTBLANK($D$12:D92)) | B92: Kiểm tra load dữ liệu đối tác từ API | C92: 1. Truy cập màn hình About Unitel | D92: 1. Frontend gọi API 2. Backend trả dữ liệu từ CMS 3. Danh sách đối tác được render | E92: P | H92: P | Q92: P
A93: =IF(AND(D93="",D93=""),"",$D$3&"_"&ROW()-11-COUNTBLANK($D$12:D93)) | B93: Kiểm tra render danh sách đối tác | C93: 1. Truy cập section 2. Quan sát danh sách | D93: 2. Danh sách hiển thị đúng dữ liệu CMS - Đúng logo - Đúng thứ tự | E93: P | H93: P | Q93: P
A94: =IF(AND(D94="",D94=""),"",$D$3&"_"&ROW()-11-COUNTBLANK($D$12:D94)) | B94: WBS 6.29: Luồng hiển thị thành tựu
A95: =IF(AND(D95="",D95=""),"",$D$3&"_"&ROW()-11-COUNTBLANK($D$12:D95)) | B95: Giao diện (Phần này viết các trường hợp kiểm thử cho giao diên chung và các giao diện cho các control)
A96: =IF(AND(D96="",D96=""),"",$D$3&"_"&ROW()-11-COUNTBLANK($D$12:D96)) | B96: Kiểm tra hiển thị section “Giải thưởng và thành tựu” | C96: 1. Truy cập màn hình About Unitel 2. Scroll tới section “Giải thưởng và thành tựu | D96: 2. Hiển thị: - Tiêu đề “Giải thưởng và thành tựu” - Danh sách thành tựu dạng list | E96: P | H96: P | Q96: P
A97: =IF(AND(D97="",D97=""),"",$D$3&"_"&ROW()-11-COUNTBLANK($D$12:D97)) | B97: Kiểm tra hiển thị danh sách thành tựu từ CMS | C97: Pre: CMS có dữ liệu 1. Truy cập section 2. Quan sát danh sách | D97: 2. Danh sách hiển thị: - Đúng số lượng item - Đúng thứ tự từ CMS | E97: P | H97: P | Q97: P
A98: =IF(AND(D98="",D98=""),"",$D$3&"_"&ROW()-11-COUNTBLANK($D$12:D98)) | B98: Kiểm tra hiển thị icon/ảnh thành tựu | C98: 1. Truy cập section 2. Quan sát từng item | D98: 2. Mỗi item hiển thị: - Icon/ảnh minh họa đúng từ CMS - Không vỡ/méo ảnh | E98: P | H98: P | Q98: P
A99: =IF(AND(D99="",D99=""),"",$D$3&"_"&ROW()-11-COUNTBLANK($D$12:D99)) | B99: Kiểm tra hiển thị nội dung mô tả | C99: 1. Truy cập section 2. Quan sát nội dung | D99: 2. Nội dung hiển thị: - Đúng text từ CMS - Không bị tràn UI | E99: P | H99: P | Q99: P
A100: =IF(AND(D100="",D100=""),"",$D$3&"_"&ROW()-11-COUNTBLANK($D$12:D100)) | B100: Kiểm tra hiển thị khi không có dữ liệu | C100: Pre: CMS không có dữ liệu Truy cập section | D100: 1. Không hiển thị danh sách hoặc hiển thị empty state | E100: P | H100: P | Q100: P
A101: =IF(AND(D101="",D101=""),"",$D$3&"_"&ROW()-11-COUNTBLANK($D$12:D101)) | B101: Chức năng (Phần này viết các trường hợp kiểm thử kiểm tra các ràng buộc trong cơ sở dữ liệu và cho các luồng nghiệp vụ trong tài liệu giải pháp, tích hợp với các chức năng khác) | Q101: =IF(OR(IF(G101="",IF(F101="",IF(E101="","",E101),F101),G101)="F",IF(J101="",IF(I101="",IF(H101="","",H101),I101),J101)="F",IF(M101="",IF(L101="",IF(K101="","",K101),L101),M101)="F",IF(P101="",IF(O101="",IF(N101="","",N101),O101),P101)="F")=TRUE,"F",IF(OR(IF(G101="",IF(F101="",IF(E101="","",E101),F101),G101)="PE",IF(J101="",IF(I101="",IF(H101="","",H101),I101),J101)="PE",IF(M101="",IF(L101="",IF(K101="","",K101),L101),M101)="PE",IF(P101="",IF(O101="",IF(N101="","",N101),O101),P101)="PE")=TRUE,"PE",IF(AND(IF(G101="",IF(F101="",IF(E101="","",E101),F101),G101)="",IF(J101="",IF(I101="",IF(H101="","",H101),I101),J101)="",IF(M101="",IF(L101="",IF(K101="","",K101),L101),M101)="",IF(P101="",IF(O101="",IF(N101="","",N101),O101),P101)="")=TRUE,"","P")))
A102: =IF(AND(D102="",D102=""),"",$D$3&"_"&ROW()-11-COUNTBLANK($D$12:D102)) | B102: Kiểm tra load dữ liệu thành tựu từ API | C102: 1. Truy cập màn hình About Unitel | D102: 1. Frontend gọi API 2. Backend trả dữ liệu từ CMS 3. Danh sách thành tựu được render | E102: P | H102: P | Q102: P
A103: =IF(AND(D103="",D103=""),"",$D$3&"_"&ROW()-11-COUNTBLANK($D$12:D103)) | B103: Kiểm tra render dữ liệu thành tựu | C103: 1. Truy cập section 2. Quan sát danh sách | D103: 2. Hiển thị đúng dữ liệu CMS - Đúng ảnh - Đúng nội dung | E103: P | H103: P | Q103: P
A104: =IF(AND(D104="",D104=""),"",$D$3&"_"&ROW()-11-COUNTBLANK($D$12:D104)) | B104: WBS 6.29: aunimation
A105: =IF(AND(D105="",D105=""),"",$D$3&"_"&ROW()-11-COUNTBLANK($D$12:D105)) | B105: Giao diện (Phần này viết các trường hợp kiểm thử cho giao diên chung và các giao diện cho các control)
A106: =IF(AND(D106="",D106=""),"",$D$3&"_"&ROW()-11-COUNTBLANK($D$12:D106)) | B106: Kiểm tra animation khi vào màn hình About Unitel | C106: 1. Truy cập màn hình About Unitel | D106: 1. Màn hình hiển thị: - Các thành phần (banner, nội dung, block) xuất hiện mượt - Không giật lag | E106: P | H106: P | Q106: P
A107: =IF(AND(D107="",D107=""),"",$D$3&"_"&ROW()-11-COUNTBLANK($D$12:D107)) | B107: Kiểm tra animation khi scroll màn hình | C107: 1. Scroll từ trên xuống dưới màn hình | D107: 1. Các section (Giới thiệu, Hạ tầng, Đối tác, Thành tựu): - Hiển thị mượt - Không giật lag - Không vỡ layout | E107: P | H107: P | Q107: P
...

Sheet 7. Thông báo 
C1: KỊCH BẢN KIỂM THỬ *
C2: Tên màn hình/Tên chức năng | D2: Thông báo
C3: Mã trường hợp kiểm thử | D3: WBS-7
C4: Số trường hợp kiểm thử đạt (P) | D4: =COUNTIF($Q$12:$Q$146,"P")
C5: Số trường hợp kiểm thử không đạt (F) | D5: =COUNTIF($Q$12:$Q$146,"F")
C6: Số trường hợp kiểm thử đang xem xét (PE) | D6: =COUNTIF($Q$12:$Q$146,"PE")
C7: Số trường hợp kiểm thử chưa thực hiện | D7: =D8-D4-D5-D6
C8: Tổng số trường hợp kiểm thử | D8: =COUNTA($D$12:$D$146)
A10: Mã trường hợp kiểm thử | B10: Mục đích kiểm thử | C10: Các bước thực hiện | D10: Kết quả mong muốn | E10: Android | H10: IOS | K10: <Tên trình duyệt 3> | N10: <Tên trình duyệt 4> | Q10: Kết quả hiện tại | R10: Mã lỗi | S10: Ghi chú
E11: Lần 1 | F11: Lần 2 | G11: Lần 3 | H11: Lần 1 | I11: Lần 2 | J11: Lần 3 | K11: Lần 1 | L11: Lần 2 | M11: Lần 3 | N11: Lần 1 | O11: Lần 2 | P11: Lần 3
A12: =IF(AND(D12="",D12=""),"",$D$3&"_"&ROW()-11-COUNTBLANK($D$12:D12)) | B12: Chức năng 1.1: Màn hình thông báo
A13: =IF(AND(D13="",D13=""),"",$D$3&"_"&ROW()-11-COUNTBLANK($D$12:D13)) | B13: Giao diện (Phần này viết các trường hợp kiểm thử cho giao diên chung và các giao diện cho các control)
A14: =IF(AND(D14="",D14=""),"",$D$3&"_"&ROW()-11-COUNTBLANK($D$12:D14)) | B14: Giao diện chung
A15: =IF(AND(D15="",D15=""),"",$D$3&"_"&ROW()-11-COUNTBLANK($D$12:D15)) | B15: Kiểm tra hiển thị màn hình Thông báo | C15: pre: Chưa đăng nhập 1. Mở app 2. Click tab “Thông báo” | D15: 2. Điều hướng sang màn login | E15: P | Q15: =IF(OR(IF(G15="",IF(F15="",IF(E15="","",E15),F15),G15)="F",IF(J15="",IF(I15="",IF(H15="","",H15),I15),J15)="F",IF(M15="",IF(L15="",IF(K15="","",K15),L15),M15)="F",IF(P15="",IF(O15="",IF(N15="","",N15),O15),P15)="F")=TRUE,"F",IF(OR(IF(G15="",IF(F15="",IF(E15="","",E15),F15),G15)="PE",IF(J15="",IF(I15="",IF(H15="","",H15),I15),J15)="PE",IF(M15="",IF(L15="",IF(K15="","",K15),L15),M15)="PE",IF(P15="",IF(O15="",IF(N15="","",N15),O15),P15)="PE")=TRUE,"PE",IF(AND(IF(G15="",IF(F15="",IF(E15="","",E15),F15),G15)="",IF(J15="",IF(I15="",IF(H15="","",H15),I15),J15)="",IF(M15="",IF(L15="",IF(K15="","",K15),L15),M15)="",IF(P15="",IF(O15="",IF(N15="","",N15),O15),P15)="")=TRUE,"","P")))
A16: =IF(AND(D16="",D16=""),"",$D$3&"_"&ROW()-11-COUNTBLANK($D$12:D16)) | C16: pre: Đã đăng nhập 1. Mở app 2. Click tab “Thông báo” | D16: 2. Giao diện hiển thị gồm: - Hiển thị title “Thông báo” - Có button “Đánh dấu đọc tất cả” - Có các tab: Hệ thống / Giao dịch / Khuyến mãi - Có bottom navigation | E16: P | Q16: =IF(OR(IF(G16="",IF(F16="",IF(E16="","",E16),F16),G16)="F",IF(J16="",IF(I16="",IF(H16="","",H16),I16),J16)="F",IF(M16="",IF(L16="",IF(K16="","",K16),L16),M16)="F",IF(P16="",IF(O16="",IF(N16="","",N16),O16),P16)="F")=TRUE,"F",IF(OR(IF(G16="",IF(F16="",IF(E16="","",E16),F16),G16)="PE",IF(J16="",IF(I16="",IF(H16="","",H16),I16),J16)="PE",IF(M16="",IF(L16="",IF(K16="","",K16),L16),M16)="PE",IF(P16="",IF(O16="",IF(N16="","",N16),O16),P16)="PE")=TRUE,"PE",IF(AND(IF(G16="",IF(F16="",IF(E16="","",E16),F16),G16)="",IF(J16="",IF(I16="",IF(H16="","",H16),I16),J16)="",IF(M16="",IF(L16="",IF(K16="","",K16),L16),M16)="",IF(P16="",IF(O16="",IF(N16="","",N16),O16),P16)="")=TRUE,"","P")))
A17: =IF(AND(D17="",D17=""),"",$D$3&"_"&ROW()-11-COUNTBLANK($D$12:D17)) | C17: Hình ảnh Light mode | E17: P | Q17: =IF(OR(IF(G17="",IF(F17="",IF(E17="","",E17),F17),G17)="F",IF(J17="",IF(I17="",IF(H17="","",H17),I17),J17)="F",IF(M17="",IF(L17="",IF(K17="","",K17),L17),M17)="F",IF(P17="",IF(O17="",IF(N17="","",N17),O17),P17)="F")=TRUE,"F",IF(OR(IF(G17="",IF(F17="",IF(E17="","",E17),F17),G17)="PE",IF(J17="",IF(I17="",IF(H17="","",H17),I17),J17)="PE",IF(M17="",IF(L17="",IF(K17="","",K17),L17),M17)="PE",IF(P17="",IF(O17="",IF(N17="","",N17),O17),P17)="PE")=TRUE,"PE",IF(AND(IF(G17="",IF(F17="",IF(E17="","",E17),F17),G17)="",IF(J17="",IF(I17="",IF(H17="","",H17),I17),J17)="",IF(M17="",IF(L17="",IF(K17="","",K17),L17),M17)="",IF(P17="",IF(O17="",IF(N17="","",N17),O17),P17)="")=TRUE,"","P")))
A18: =IF(AND(D18="",D18=""),"",$D$3&"_"&ROW()-11-COUNTBLANK($D$12:D18)) | C18: Hình ảnh Dark mode | E18: P | Q18: =IF(OR(IF(G18="",IF(F18="",IF(E18="","",E18),F18),G18)="F",IF(J18="",IF(I18="",IF(H18="","",H18),I18),J18)="F",IF(M18="",IF(L18="",IF(K18="","",K18),L18),M18)="F",IF(P18="",IF(O18="",IF(N18="","",N18),O18),P18)="F")=TRUE,"F",IF(OR(IF(G18="",IF(F18="",IF(E18="","",E18),F18),G18)="PE",IF(J18="",IF(I18="",IF(H18="","",H18),I18),J18)="PE",IF(M18="",IF(L18="",IF(K18="","",K18),L18),M18)="PE",IF(P18="",IF(O18="",IF(N18="","",N18),O18),P18)="PE")=TRUE,"PE",IF(AND(IF(G18="",IF(F18="",IF(E18="","",E18),F18),G18)="",IF(J18="",IF(I18="",IF(H18="","",H18),I18),J18)="",IF(M18="",IF(L18="",IF(K18="","",K18),L18),M18)="",IF(P18="",IF(O18="",IF(N18="","",N18),O18),P18)="")=TRUE,"","P")))
A19: =IF(AND(D19="",D19=""),"",$D$3&"_"&ROW()-11-COUNTBLANK($D$12:D19)) | B19: Kiểm tra tổng thể giao diện màn hình | C19: 1. Kiểm tra bố cục, màu chữ, font chữ | D19: 1. Đúng bố cục tương xứng, màu sắc, font chữ đúng thiết kế | E19: P | Q19: =IF(OR(IF(G19="",IF(F19="",IF(E19="","",E19),F19),G19)="F",IF(J19="",IF(I19="",IF(H19="","",H19),I19),J19)="F",IF(M19="",IF(L19="",IF(K19="","",K19),L19),M19)="F",IF(P19="",IF(O19="",IF(N19="","",N19),O19),P19)="F")=TRUE,"F",IF(OR(IF(G19="",IF(F19="",IF(E19="","",E19),F19),G19)="PE",IF(J19="",IF(I19="",IF(H19="","",H19),I19),J19)="PE",IF(M19="",IF(L19="",IF(K19="","",K19),L19),M19)="PE",IF(P19="",IF(O19="",IF(N19="","",N19),O19),P19)="PE")=TRUE,"PE",IF(AND(IF(G19="",IF(F19="",IF(E19="","",E19),F19),G19)="",IF(J19="",IF(I19="",IF(H19="","",H19),I19),J19)="",IF(M19="",IF(L19="",IF(K19="","",K19),L19),M19)="",IF(P19="",IF(O19="",IF(N19="","",N19),O19),P19)="")=TRUE,"","P")))
A20: =IF(AND(D20="",D20=""),"",$D$3&"_"&ROW()-11-COUNTBLANK($D$12:D20)) | C20: 1. Kiểm tra label, textbox, button , lỗi chính tả | D20: 1. - Các label, textbox có độ dài, rộng và khoảng cách bằng nhau, không xô lệch - Các label sử dụng cùng 1 loại font, cỡ chữ, căn lề trái - Kiểm tra tất cả lỗi về chính tả, cấu trúc câu, ngữ pháp | E20: P | Q20: =IF(OR(IF(G20="",IF(F20="",IF(E20="","",E20),F20),G20)="F",IF(J20="",IF(I20="",IF(H20="","",H20),I20),J20)="F",IF(M20="",IF(L20="",IF(K20="","",K20),L20),M20)="F",IF(P20="",IF(O20="",IF(N20="","",N20),O20),P20)="F")=TRUE,"F",IF(OR(IF(G20="",IF(F20="",IF(E20="","",E20),F20),G20)="PE",IF(J20="",IF(I20="",IF(H20="","",H20),I20),J20)="PE",IF(M20="",IF(L20="",IF(K20="","",K20),L20),M20)="PE",IF(P20="",IF(O20="",IF(N20="","",N20),O20),P20)="PE")=TRUE,"PE",IF(AND(IF(G20="",IF(F20="",IF(E20="","",E20),F20),G20)="",IF(J20="",IF(I20="",IF(H20="","",H20),I20),J20)="",IF(M20="",IF(L20="",IF(K20="","",K20),L20),M20)="",IF(P20="",IF(O20="",IF(N20="","",N20),O20),P20)="")=TRUE,"","P")))
A21: =IF(AND(D21="",D21=""),"",$D$3&"_"&ROW()-11-COUNTBLANK($D$12:D21)) | B21: Kiểm tra hiển thị item thông báo | C21: 1. Quan sát 1 item | D21: 1. Giao diện hiển thị gồm: - Có icon/avatar bên trái - Có nội dung thông báo | E21: P | Q21: =IF(OR(IF(G21="",IF(F21="",IF(E21="","",E21),F21),G21)="F",IF(J21="",IF(I21="",IF(H21="","",H21),I21),J21)="F",IF(M21="",IF(L21="",IF(K21="","",K21),L21),M21)="F",IF(P21="",IF(O21="",IF(N21="","",N21),O21),P21)="F")=TRUE,"F",IF(OR(IF(G21="",IF(F21="",IF(E21="","",E21),F21),G21)="PE",IF(J21="",IF(I21="",IF(H21="","",H21),I21),J21)="PE",IF(M21="",IF(L21="",IF(K21="","",K21),L21),M21)="PE",IF(P21="",IF(O21="",IF(N21="","",N21),O21),P21)="PE")=TRUE,"PE",IF(AND(IF(G21="",IF(F21="",IF(E21="","",E21),F21),G21)="",IF(J21="",IF(I21="",IF(H21="","",H21),I21),J21)="",IF(M21="",IF(L21="",IF(K21="","",K21),L21),M21)="",IF(P21="",IF(O21="",IF(N21="","",N21),O21),P21)="")=TRUE,"","P")))
A22: =IF(AND(D22="",D22=""),"",$D$3&"_"&ROW()-11-COUNTBLANK($D$12:D22)) | B22: Kiểm tra tab active/inactive | C22: 1. Vào màn hình Thông báo 2. Quan sát các tab | D22: 1. - Tab active: nền màu + chữ nổi bật - Tab inactive: nền xám/viền | E22: P | Q22: =IF(OR(IF(G22="",IF(F22="",IF(E22="","",E22),F22),G22)="F",IF(J22="",IF(I22="",IF(H22="","",H22),I22),J22)="F",IF(M22="",IF(L22="",IF(K22="","",K22),L22),M22)="F",IF(P22="",IF(O22="",IF(N22="","",N22),O22),P22)="F")=TRUE,"F",IF(OR(IF(G22="",IF(F22="",IF(E22="","",E22),F22),G22)="PE",IF(J22="",IF(I22="",IF(H22="","",H22),I22),J22)="PE",IF(M22="",IF(L22="",IF(K22="","",K22),L22),M22)="PE",IF(P22="",IF(O22="",IF(N22="","",N22),O22),P22)="PE")=TRUE,"PE",IF(AND(IF(G22="",IF(F22="",IF(E22="","",E22),F22),G22)="",IF(J22="",IF(I22="",IF(H22="","",H22),I22),J22)="",IF(M22="",IF(L22="",IF(K22="","",K22),L22),M22)="",IF(P22="",IF(O22="",IF(N22="","",N22),O22),P22)="")=TRUE,"","P")))
A23: =IF(AND(D23="",D23=""),"",$D$3&"_"&ROW()-11-COUNTBLANK($D$12:D29)) | B23: Kiểm tra không có dữ liệu | C23: 1. Vào màn hình Thông báo 2. Quan sát item | D23: 2. Hiển thị "Không có thông báo" | E23: P | Q23: =IF(OR(IF(G23="",IF(F23="",IF(E23="","",E23),F23),G23)="F",IF(J23="",IF(I23="",IF(H23="","",H23),I23),J23)="F",IF(M23="",IF(L23="",IF(K23="","",K23),L23),M23)="F",IF(P23="",IF(O23="",IF(N23="","",N23),O23),P23)="F")=TRUE,"F",IF(OR(IF(G23="",IF(F23="",IF(E23="","",E23),F23),G23)="PE",IF(J23="",IF(I23="",IF(H23="","",H23),I23),J23)="PE",IF(M23="",IF(L23="",IF(K23="","",K23),L23),M23)="PE",IF(P23="",IF(O23="",IF(N23="","",N23),O23),P23)="PE")=TRUE,"PE",IF(AND(IF(G23="",IF(F23="",IF(E23="","",E23),F23),G23)="",IF(J23="",IF(I23="",IF(H23="","",H23),I23),J23)="",IF(M23="",IF(L23="",IF(K23="","",K23),L23),M23)="",IF(P23="",IF(O23="",IF(N23="","",N23),O23),P23)="")=TRUE,"","P")))
A24: =IF(AND(D24="",D24=""),"",$D$3&"_"&ROW()-11-COUNTBLANK($D$12:D26)) | B24: Kiểm tra scroll danh sách | C24: 1. Scroll lên xuống | D24: 1. Scroll mượt, không lag | E24: P | Q24: =IF(OR(IF(G24="",IF(F24="",IF(E24="","",E24),F24),G24)="F",IF(J24="",IF(I24="",IF(H24="","",H24),I24),J24)="F",IF(M24="",IF(L24="",IF(K24="","",K24),L24),M24)="F",IF(P24="",IF(O24="",IF(N24="","",N24),O24),P24)="F")=TRUE,"F",IF(OR(IF(G24="",IF(F24="",IF(E24="","",E24),F24),G24)="PE",IF(J24="",IF(I24="",IF(H24="","",H24),I24),J24)="PE",IF(M24="",IF(L24="",IF(K24="","",K24),L24),M24)="PE",IF(P24="",IF(O24="",IF(N24="","",N24),O24),P24)="PE")=TRUE,"PE",IF(AND(IF(G24="",IF(F24="",IF(E24="","",E24),F24),G24)="",IF(J24="",IF(I24="",IF(H24="","",H24),I24),J24)="",IF(M24="",IF(L24="",IF(K24="","",K24),L24),M24)="",IF(P24="",IF(O24="",IF(N24="","",N24),O24),P24)="")=TRUE,"","P")))
A25: =IF(AND(D25="",D25=""),"",$D$3&"_"&ROW()-11-COUNTBLANK($D$12:D25)) | B25: Kiểm tra ngắt kết nối mạng | C25: 1. Mở màn hình Thông báo 2. Tắt WiFi/4G | D25: 2. - Hiển thị màn hình no internet giống figma - Không crash | E25: P | Q25: =IF(OR(IF(G25="",IF(F25="",IF(E25="","",E25),F25),G25)="F",IF(J25="",IF(I25="",IF(H25="","",H25),I25),J25)="F",IF(M25="",IF(L25="",IF(K25="","",K25),L25),M25)="F",IF(P25="",IF(O25="",IF(N25="","",N25),O25),P25)="F")=TRUE,"F",IF(OR(IF(G25="",IF(F25="",IF(E25="","",E25),F25),G25)="PE",IF(J25="",IF(I25="",IF(H25="","",H25),I25),J25)="PE",IF(M25="",IF(L25="",IF(K25="","",K25),L25),M25)="PE",IF(P25="",IF(O25="",IF(N25="","",N25),O25),P25)="PE")=TRUE,"PE",IF(AND(IF(G25="",IF(F25="",IF(E25="","",E25),F25),G25)="",IF(J25="",IF(I25="",IF(H25="","",H25),I25),J25)="",IF(M25="",IF(L25="",IF(K25="","",K25),L25),M25)="",IF(P25="",IF(O25="",IF(N25="","",N25),O25),P25)="")=TRUE,"","P")))
A26: =IF(AND(D26="",D26=""),"",$D$3&"_"&ROW()-11-COUNTBLANK($D$12:D26)) | B26: Kiểm tra kết nối lại mạng | C26: 1. Kết nối lại mạng | D26: 1. Hiển thị danh sách thông báo bình thường | E26: P | Q26: =IF(OR(IF(G26="",IF(F26="",IF(E26="","",E26),F26),G26)="F",IF(J26="",IF(I26="",IF(H26="","",H26),I26),J26)="F",IF(M26="",IF(L26="",IF(K26="","",K26),L26),M26)="F",IF(P26="",IF(O26="",IF(N26="","",N26),O26),P26)="F")=TRUE,"F",IF(OR(IF(G26="",IF(F26="",IF(E26="","",E26),F26),G26)="PE",IF(J26="",IF(I26="",IF(H26="","",H26),I26),J26)="PE",IF(M26="",IF(L26="",IF(K26="","",K26),L26),M26)="PE",IF(P26="",IF(O26="",IF(N26="","",N26),O26),P26)="PE")=TRUE,"PE",IF(AND(IF(G26="",IF(F26="",IF(E26="","",E26),F26),G26)="",IF(J26="",IF(I26="",IF(H26="","",H26),I26),J26)="",IF(M26="",IF(L26="",IF(K26="","",K26),L26),M26)="",IF(P26="",IF(O26="",IF(N26="","",N26),O26),P26)="")=TRUE,"","P")))
A27: =IF(AND(D27="",D27=""),"",$D$3&"_"&ROW()-11-COUNTBLANK($D$12:D27)) | B27: Kiểm tra nội dung thông báo dài | C27: 1. Quan sát nội dung thông báo dài | D27: 1. Text tự xuống dòng, không tràn | E27: P | Q27: =IF(OR(IF(G27="",IF(F27="",IF(E27="","",E27),F27),G27)="F",IF(J27="",IF(I27="",IF(H27="","",H27),I27),J27)="F",IF(M27="",IF(L27="",IF(K27="","",K27),L27),M27)="F",IF(P27="",IF(O27="",IF(N27="","",N27),O27),P27)="F")=TRUE,"F",IF(OR(IF(G27="",IF(F27="",IF(E27="","",E27),F27),G27)="PE",IF(J27="",IF(I27="",IF(H27="","",H27),I27),J27)="PE",IF(M27="",IF(L27="",IF(K27="","",K27),L27),M27)="PE",IF(P27="",IF(O27="",IF(N27="","",N27),O27),P27)="PE")=TRUE,"PE",IF(AND(IF(G27="",IF(F27="",IF(E27="","",E27),F27),G27)="",IF(J27="",IF(I27="",IF(H27="","",H27),I27),J27)="",IF(M27="",IF(L27="",IF(K27="","",K27),L27),M27)="",IF(P27="",IF(O27="",IF(N27="","",N27),O27),P27)="")=TRUE,"","P")))
A28: =IF(AND(D28="",D28=""),"",$D$3&"_"&ROW()-11-COUNTBLANK($D$12:D28)) | B28: Kiểm tra safe area | C28: 1. Test trên máy có notch/home indicator | D28: 1. -Text, button không bị che - Không bị tràn ra ngoài màn hình - Không bị dính sát mép khó bấm | E28: P | Q28: =IF(OR(IF(G28="",IF(F28="",IF(E28="","",E28),F28),G28)="F",IF(J28="",IF(I28="",IF(H28="","",H28),I28),J28)="F",IF(M28="",IF(L28="",IF(K28="","",K28),L28),M28)="F",IF(P28="",IF(O28="",IF(N28="","",N28),O28),P28)="F")=TRUE,"F",IF(OR(IF(G28="",IF(F28="",IF(E28="","",E28),F28),G28)="PE",IF(J28="",IF(I28="",IF(H28="","",H28),I28),J28)="PE",IF(M28="",IF(L28="",IF(K28="","",K28),L28),M28)="PE",IF(P28="",IF(O28="",IF(N28="","",N28),O28),P28)="PE")=TRUE,"PE",IF(AND(IF(G28="",IF(F28="",IF(E28="","",E28),F28),G28)="",IF(J28="",IF(I28="",IF(H28="","",H28),I28),J28)="",IF(M28="",IF(L28="",IF(K28="","",K28),L28),M28)="",IF(P28="",IF(O28="",IF(N28="","",N28),O28),P28)="")=TRUE,"","P")))
A29: =IF(AND(D29="",D29=""),"",$D$3&"_"&ROW()-11-COUNTBLANK($D$12:D29)) | B29: Kiểm tra trên nhiều kích thước màn hình | C29: 1. Test trên nhiều thiết bị nhỏ/lớn | D29: 1. Không vỡ layout, không che nội dung | E29: P | Q29: =IF(OR(IF(G29="",IF(F29="",IF(E29="","",E29),F29),G29)="F",IF(J29="",IF(I29="",IF(H29="","",H29),I29),J29)="F",IF(M29="",IF(L29="",IF(K29="","",K29),L29),M29)="F",IF(P29="",IF(O29="",IF(N29="","",N29),O29),P29)="F")=TRUE,"F",IF(OR(IF(G29="",IF(F29="",IF(E29="","",E29),F29),G29)="PE",IF(J29="",IF(I29="",IF(H29="","",H29),I29),J29)="PE",IF(M29="",IF(L29="",IF(K29="","",K29),L29),M29)="PE",IF(P29="",IF(O29="",IF(N29="","",N29),O29),P29)="PE")=TRUE,"PE",IF(AND(IF(G29="",IF(F29="",IF(E29="","",E29),F29),G29)="",IF(J29="",IF(I29="",IF(H29="","",H29),I29),J29)="",IF(M29="",IF(L29="",IF(K29="","",K29),L29),M29)="",IF(P29="",IF(O29="",IF(N29="","",N29),O29),P29)="")=TRUE,"","P")))
A30: =IF(AND(D30="",D30=""),"",$D$3&"_"&ROW()-11-COUNTBLANK($D$12:D30)) | B30: Validate | Q30: =IF(OR(IF(G30="",IF(F30="",IF(E30="","",E30),F30),G30)="F",IF(J30="",IF(I30="",IF(H30="","",H30),I30),J30)="F",IF(M30="",IF(L30="",IF(K30="","",K30),L30),M30)="F",IF(P30="",IF(O30="",IF(N30="","",N30),O30),P30)="F")=TRUE,"F",IF(OR(IF(G30="",IF(F30="",IF(E30="","",E30),F30),G30)="PE",IF(J30="",IF(I30="",IF(H30="","",H30),I30),J30)="PE",IF(M30="",IF(L30="",IF(K30="","",K30),L30),M30)="PE",IF(P30="",IF(O30="",IF(N30="","",N30),O30),P30)="PE")=TRUE,"PE",IF(AND(IF(G30="",IF(F30="",IF(E30="","",E30),F30),G30)="",IF(J30="",IF(I30="",IF(H30="","",H30),I30),J30)="",IF(M30="",IF(L30="",IF(K30="","",K30),L30),M30)="",IF(P30="",IF(O30="",IF(N30="","",N30),O30),P30)="")=TRUE,"","P")))
A31: =IF(AND(D31="",D31=""),"",$D$3&"_"&ROW()-11-COUNTBLANK($D$12:D31)) | B31: Hiển thị thông báo chưa đọc | C31: 1. Mở màn hình thông báo 2. Quan sát các item chưa đọc | D31: - Hiển thị dot (chấm tròn) ở button tab - Background highlight tại thông báo chưa đọc | E31: P | Q31: =IF(OR(IF(G31="",IF(F31="",IF(E31="","",E31),F31),G31)="F",IF(J31="",IF(I31="",IF(H31="","",H31),I31),J31)="F",IF(M31="",IF(L31="",IF(K31="","",K31),L31),M31)="F",IF(P31="",IF(O31="",IF(N31="","",N31),O31),P31)="F")=TRUE,"F",IF(OR(IF(G31="",IF(F31="",IF(E31="","",E31),F31),G31)="PE",IF(J31="",IF(I31="",IF(H31="","",H31),I31),J31)="PE",IF(M31="",IF(L31="",IF(K31="","",K31),L31),M31)="PE",IF(P31="",IF(O31="",IF(N31="","",N31),O31),P31)="PE")=TRUE,"PE",IF(AND(IF(G31="",IF(F31="",IF(E31="","",E31),F31),G31)="",IF(J31="",IF(I31="",IF(H31="","",H31),I31),J31)="",IF(M31="",IF(L31="",IF(K31="","",K31),L31),M31)="",IF(P31="",IF(O31="",IF(N31="","",N31),O31),P31)="")=TRUE,"","P")))
A32: =IF(AND(D32="",D32=""),"",$D$3&"_"&ROW()-11-COUNTBLANK($D$12:D32)) | B32: Hiển thị thông báo đã đọc | C32: 1. Mở màn hình thông báo 2. Quan sát các item đã đọc | D32: - Không có dot ở button tab - Background bình thường | E32: P | Q32: =IF(OR(IF(G32="",IF(F32="",IF(E32="","",E32),F32),G32)="F",IF(J32="",IF(I32="",IF(H32="","",H32),I32),J32)="F",IF(M32="",IF(L32="",IF(K32="","",K32),L32),M32)="F",IF(P32="",IF(O32="",IF(N32="","",N32),O32),P32)="F")=TRUE,"F",IF(OR(IF(G32="",IF(F32="",IF(E32="","",E32),F32),G32)="PE",IF(J32="",IF(I32="",IF(H32="","",H32),I32),J32)="PE",IF(M32="",IF(L32="",IF(K32="","",K32),L32),M32)="PE",IF(P32="",IF(O32="",IF(N32="","",N32),O32),P32)="PE")=TRUE,"PE",IF(AND(IF(G32="",IF(F32="",IF(E32="","",E32),F32),G32)="",IF(J32="",IF(I32="",IF(H32="","",H32),I32),J32)="",IF(M32="",IF(L32="",IF(K32="","",K32),L32),M32)="",IF(P32="",IF(O32="",IF(N32="","",N32),O32),P32)="")=TRUE,"","P")))
A33: =IF(AND(D33="",D33=""),"",$D$3&"_"&ROW()-11-COUNTBLANK($D$12:D33)) | B33: Kiểm tra 1 thông báo là đã đọc | C33: 1. Mở màn thông báo 2. Click vào 1 thông báo chưa đọc | D33: - Thông báo đó chuyển sang trạng thái đã đọc - Mất dot + mất highlight - Badge tổng giảm 1 | E33: P | Q33: =IF(OR(IF(G33="",IF(F33="",IF(E33="","",E33),F33),G33)="F",IF(J33="",IF(I33="",IF(H33="","",H33),I33),J33)="F",IF(M33="",IF(L33="",IF(K33="","",K33),L33),M33)="F",IF(P33="",IF(O33="",IF(N33="","",N33),O33),P33)="F")=TRUE,"F",IF(OR(IF(G33="",IF(F33="",IF(E33="","",E33),F33),G33)="PE",IF(J33="",IF(I33="",IF(H33="","",H33),I33),J33)="PE",IF(M33="",IF(L33="",IF(K33="","",K33),L33),M33)="PE",IF(P33="",IF(O33="",IF(N33="","",N33),O33),P33)="PE")=TRUE,"PE",IF(AND(IF(G33="",IF(F33="",IF(E33="","",E33),F33),G33)="",IF(J33="",IF(I33="",IF(H33="","",H33),I33),J33)="",IF(M33="",IF(L33="",IF(K33="","",K33),L33),M33)="",IF(P33="",IF(O33="",IF(N33="","",N33),O33),P33)="")=TRUE,"","P")))
A34: =IF(AND(D34="",D34=""),"",$D$3&"_"&ROW()-11-COUNTBLANK($D$12:D34)) | B34: Kiểm tra nhiều thông báo đã đọc | C34: 1. Mở màn thông báo 2. Click lần lượt nhiều thông báo chưa đọc | D34: - Các thông báo đã click đều chuyển sang “đã đọc” - Badge giảm đúng số lượng | E34: P | Q34: =IF(OR(IF(G34="",IF(F34="",IF(E34="","",E34),F34),G34)="F",IF(J34="",IF(I34="",IF(H34="","",H34),I34),J34)="F",IF(M34="",IF(L34="",IF(K34="","",K34),L34),M34)="F",IF(P34="",IF(O34="",IF(N34="","",N34),O34),P34)="F")=TRUE,"F",IF(OR(IF(G34="",IF(F34="",IF(E34="","",E34),F34),G34)="PE",IF(J34="",IF(I34="",IF(H34="","",H34),I34),J34)="PE",IF(M34="",IF(L34="",IF(K34="","",K34),L34),M34)="PE",IF(P34="",IF(O34="",IF(N34="","",N34),O34),P34)="PE")=TRUE,"PE",IF(AND(IF(G34="",IF(F34="",IF(E34="","",E34),F34),G34)="",IF(J34="",IF(I34="",IF(H34="","",H34),I34),J34)="",IF(M34="",IF(L34="",IF(K34="","",K34),L34),M34)="",IF(P34="",IF(O34="",IF(N34="","",N34),O34),P34)="")=TRUE,"","P")))
A35: =IF(AND(D35="",D35=""),"",$D$3&"_"&ROW()-11-COUNTBLANK($D$12:D35)) | B35: Kiểm tra tất cả là đã đọc | C35: 1. Mở màn thông báo 2. Click “Đánh dấu tất cả đã đọc” | D35: - Tất cả thông báo chuyển sang trạng thái đã đọc - Không còn dot nào - Badge = 0 | E35: P | Q35: =IF(OR(IF(G35="",IF(F35="",IF(E35="","",E35),F35),G35)="F",IF(J35="",IF(I35="",IF(H35="","",H35),I35),J35)="F",IF(M35="",IF(L35="",IF(K35="","",K35),L35),M35)="F",IF(P35="",IF(O35="",IF(N35="","",N35),O35),P35)="F")=TRUE,"F",IF(OR(IF(G35="",IF(F35="",IF(E35="","",E35),F35),G35)="PE",IF(J35="",IF(I35="",IF(H35="","",H35),I35),J35)="PE",IF(M35="",IF(L35="",IF(K35="","",K35),L35),M35)="PE",IF(P35="",IF(O35="",IF(N35="","",N35),O35),P35)="PE")=TRUE,"PE",IF(AND(IF(G35="",IF(F35="",IF(E35="","",E35),F35),G35)="",IF(J35="",IF(I35="",IF(H35="","",H35),I35),J35)="",IF(M35="",IF(L35="",IF(K35="","",K35),L35),M35)="",IF(P35="",IF(O35="",IF(N35="","",N35),O35),P35)="")=TRUE,"","P")))
A36: =IF(AND(D36="",D36=""),"",$D$3&"_"&ROW()-11-COUNTBLANK($D$12:D36)) | B36: Kiểm tra chuyển đổi Light → Dark | C36: 1. Đổi theme | D36: 1. UI update ngay, không reload, đúng thiết kế | E36: P | Q36: =IF(OR(IF(G36="",IF(F36="",IF(E36="","",E36),F36),G36)="F",IF(J36="",IF(I36="",IF(H36="","",H36),I36),J36)="F",IF(M36="",IF(L36="",IF(K36="","",K36),L36),M36)="F",IF(P36="",IF(O36="",IF(N36="","",N36),O36),P36)="F")=TRUE,"F",IF(OR(IF(G36="",IF(F36="",IF(E36="","",E36),F36),G36)="PE",IF(J36="",IF(I36="",IF(H36="","",H36),I36),J36)="PE",IF(M36="",IF(L36="",IF(K36="","",K36),L36),M36)="PE",IF(P36="",IF(O36="",IF(N36="","",N36),O36),P36)="PE")=TRUE,"PE",IF(AND(IF(G36="",IF(F36="",IF(E36="","",E36),F36),G36)="",IF(J36="",IF(I36="",IF(H36="","",H36),I36),J36)="",IF(M36="",IF(L36="",IF(K36="","",K36),L36),M36)="",IF(P36="",IF(O36="",IF(N36="","",N36),O36),P36)="")=TRUE,"","P")))
A37: =IF(AND(D37="",D37=""),"",$D$3&"_"&ROW()-11-COUNTBLANK($D$12:D37)) | B37: Kiểm tra hiển thị Light mode | C37: 1. Set app Light mode | D37: 1. UI nền sáng, text rõ ràng, đúng thiết kế | E37: P | Q37: =IF(OR(IF(G37="",IF(F37="",IF(E37="","",E37),F37),G37)="F",IF(J37="",IF(I37="",IF(H37="","",H37),I37),J37)="F",IF(M37="",IF(L37="",IF(K37="","",K37),L37),M37)="F",IF(P37="",IF(O37="",IF(N37="","",N37),O37),P37)="F")=TRUE,"F",IF(OR(IF(G37="",IF(F37="",IF(E37="","",E37),F37),G37)="PE",IF(J37="",IF(I37="",IF(H37="","",H37),I37),J37)="PE",IF(M37="",IF(L37="",IF(K37="","",K37),L37),M37)="PE",IF(P37="",IF(O37="",IF(N37="","",N37),O37),P37)="PE")=TRUE,"PE",IF(AND(IF(G37="",IF(F37="",IF(E37="","",E37),F37),G37)="",IF(J37="",IF(I37="",IF(H37="","",H37),I37),J37)="",IF(M37="",IF(L37="",IF(K37="","",K37),L37),M37)="",IF(P37="",IF(O37="",IF(N37="","",N37),O37),P37)="")=TRUE,"","P")))
A38: =IF(AND(D38="",D38=""),"",$D$3&"_"&ROW()-11-COUNTBLANK($D$12:D38)) | B38: Kiểm tra hiển thị Dark mode | C38: 1. Set app Dark mode | D38: 1. UI nền tối, text rõ ràng, đúng thiết kế | E38: P | Q38: =IF(OR(IF(G38="",IF(F38="",IF(E38="","",E38),F38),G38)="F",IF(J38="",IF(I38="",IF(H38="","",H38),I38),J38)="F",IF(M38="",IF(L38="",IF(K38="","",K38),L38),M38)="F",IF(P38="",IF(O38="",IF(N38="","",N38),O38),P38)="F")=TRUE,"F",IF(OR(IF(G38="",IF(F38="",IF(E38="","",E38),F38),G38)="PE",IF(J38="",IF(I38="",IF(H38="","",H38),I38),J38)="PE",IF(M38="",IF(L38="",IF(K38="","",K38),L38),M38)="PE",IF(P38="",IF(O38="",IF(N38="","",N38),O38),P38)="PE")=TRUE,"PE",IF(AND(IF(G38="",IF(F38="",IF(E38="","",E38),F38),G38)="",IF(J38="",IF(I38="",IF(H38="","",H38),I38),J38)="",IF(M38="",IF(L38="",IF(K38="","",K38),L38),M38)="",IF(P38="",IF(O38="",IF(N38="","",N38),O38),P38)="")=TRUE,"","P")))
A39: WBS-8_19 | B39: Kiểm tra đổi ngôn ngữ thành công | C39: 1. Mở app 2 Nhấn vào item "ພາສາລາວ" 3. Click tab “Thông báo” | D39: 3. Hệ thống cập nhật ngôn ngữ thành công, giao diện hiển thị bằng tiếng Lào | E39: P | Q39: =IF(OR(IF(G39="",IF(F39="",IF(E39="","",E39),F39),G39)="F",IF(J39="",IF(I39="",IF(H39="","",H39),I39),J39)="F",IF(M39="",IF(L39="",IF(K39="","",K39),L39),M39)="F",IF(P39="",IF(O39="",IF(N39="","",N39),O39),P39)="F")=TRUE,"F",IF(OR(IF(G39="",IF(F39="",IF(E39="","",E39),F39),G39)="PE",IF(J39="",IF(I39="",IF(H39="","",H39),I39),J39)="PE",IF(M39="",IF(L39="",IF(K39="","",K39),L39),M39)="PE",IF(P39="",IF(O39="",IF(N39="","",N39),O39),P39)="PE")=TRUE,"PE",IF(AND(IF(G39="",IF(F39="",IF(E39="","",E39),F39),G39)="",IF(J39="",IF(I39="",IF(H39="","",H39),I39),J39)="",IF(M39="",IF(L39="",IF(K39="","",K39),L39),M39)="",IF(P39="",IF(O39="",IF(N39="","",N39),O39),P39)="")=TRUE,"","P")))
A40: WBS-8_20 | C40: 1. Mở app 2 Nhấn vào item "Tiếng việt" 3. Click tab “Thông báo” | D40: 3. Hệ thống cập nhật ngôn ngữ thành công, giao diện hiển thị bằng tiếng Việt | E40: P | Q40: =IF(OR(IF(G40="",IF(F40="",IF(E40="","",E40),F40),G40)="F",IF(J40="",IF(I40="",IF(H40="","",H40),I40),J40)="F",IF(M40="",IF(L40="",IF(K40="","",K40),L40),M40)="F",IF(P40="",IF(O40="",IF(N40="","",N40),O40),P40)="F")=TRUE,"F",IF(OR(IF(G40="",IF(F40="",IF(E40="","",E40),F40),G40)="PE",IF(J40="",IF(I40="",IF(H40="","",H40),I40),J40)="PE",IF(M40="",IF(L40="",IF(K40="","",K40),L40),M40)="PE",IF(P40="",IF(O40="",IF(N40="","",N40),O40),P40)="PE")=TRUE,"PE",IF(AND(IF(G40="",IF(F40="",IF(E40="","",E40),F40),G40)="",IF(J40="",IF(I40="",IF(H40="","",H40),I40),J40)="",IF(M40="",IF(L40="",IF(K40="","",K40),L40),M40)="",IF(P40="",IF(O40="",IF(N40="","",N40),O40),P40)="")=TRUE,"","P")))
A41: WBS-8_21 | C41: 1. Mở app 2 Nhấn vào item "Eng" 3. Click tab “Thông báo” | D41: 3. Hệ thống cập nhật ngôn ngữ thành công, giao diện hiển thị bằng tiếng Anh | E41: P | Q41: =IF(OR(IF(G41="",IF(F41="",IF(E41="","",E41),F41),G41)="F",IF(J41="",IF(I41="",IF(H41="","",H41),I41),J41)="F",IF(M41="",IF(L41="",IF(K41="","",K41),L41),M41)="F",IF(P41="",IF(O41="",IF(N41="","",N41),O41),P41)="F")=TRUE,"F",IF(OR(IF(G41="",IF(F41="",IF(E41="","",E41),F41),G41)="PE",IF(J41="",IF(I41="",IF(H41="","",H41),I41),J41)="PE",IF(M41="",IF(L41="",IF(K41="","",K41),L41),M41)="PE",IF(P41="",IF(O41="",IF(N41="","",N41),O41),P41)="PE")=TRUE,"PE",IF(AND(IF(G41="",IF(F41="",IF(E41="","",E41),F41),G41)="",IF(J41="",IF(I41="",IF(H41="","",H41),I41),J41)="",IF(M41="",IF(L41="",IF(K41="","",K41),L41),M41)="",IF(P41="",IF(O41="",IF(N41="","",N41),O41),P41)="")=TRUE,"","P")))
A42: WBS-8_22 | C42: 1. Mở app 2 Nhấn vào item "中文" 3. Click tab “Thông báo” | D42: 3. Hệ thống cập nhật ngôn ngữ thành công, giao diện hiển thị bằng tiếng Hán | E42: P | Q42: =IF(OR(IF(G42="",IF(F42="",IF(E42="","",E42),F42),G42)="F",IF(J42="",IF(I42="",IF(H42="","",H42),I42),J42)="F",IF(M42="",IF(L42="",IF(K42="","",K42),L42),M42)="F",IF(P42="",IF(O42="",IF(N42="","",N42),O42),P42)="F")=TRUE,"F",IF(OR(IF(G42="",IF(F42="",IF(E42="","",E42),F42),G42)="PE",IF(J42="",IF(I42="",IF(H42="","",H42),I42),J42)="PE",IF(M42="",IF(L42="",IF(K42="","",K42),L42),M42)="PE",IF(P42="",IF(O42="",IF(N42="","",N42),O42),P42)="PE")=TRUE,"PE",IF(AND(IF(G42="",IF(F42="",IF(E42="","",E42),F42),G42)="",IF(J42="",IF(I42="",IF(H42="","",H42),I42),J42)="",IF(M42="",IF(L42="",IF(K42="","",K42),L42),M42)="",IF(P42="",IF(O42="",IF(N42="","",N42),O42),P42)="")=TRUE,"","P")))
A43: =IF(AND(D43="",D43=""),"",$D$3&"_"&ROW()-11-COUNTBLANK($D$12:D47)) | B43: Kiểm tra dữ liệu hiển thị khi thiếu field | C43: Pre: Mock API trả thiếu field (vd: thiếu title/time) 1. Vào màn hình Thông báo 2. Quan sát item bị thiếu dữ liệu | D43: 2. - Không crash app - Field thiếu hiển thị fallback (vd: “--” hoặc ẩn) - UI không bị vỡ | E43: P | Q43: =IF(OR(IF(G43="",IF(F43="",IF(E43="","",E43),F43),G43)="F",IF(J43="",IF(I43="",IF(H43="","",H43),I43),J43)="F",IF(M43="",IF(L43="",IF(K43="","",K43),L43),M43)="F",IF(P43="",IF(O43="",IF(N43="","",N43),O43),P43)="F")=TRUE,"F",IF(OR(IF(G43="",IF(F43="",IF(E43="","",E43),F43),G43)="PE",IF(J43="",IF(I43="",IF(H43="","",H43),I43),J43)="PE",IF(M43="",IF(L43="",IF(K43="","",K43),L43),M43)="PE",IF(P43="",IF(O43="",IF(N43="","",N43),O43),P43)="PE")=TRUE,"PE",IF(AND(IF(G43="",IF(F43="",IF(E43="","",E43),F43),G43)="",IF(J43="",IF(I43="",IF(H43="","",H43),I43),J43)="",IF(M43="",IF(L43="",IF(K43="","",K43),L43),M43)="",IF(P43="",IF(O43="",IF(N43="","",N43),O43),P43)="")=TRUE,"","P")))
B44: Kiểm tra giao diện với nhiều thông báo | C44: 1. Vào màn Thông báo 2. Quan sát | D44: 2. Hiển thị lần lượt thông báo, có thể scroll nếu quá nhiều | E44: P | Q44: =IF(OR(IF(G44="",IF(F44="",IF(E44="","",E44),F44),G44)="F",IF(J44="",IF(I44="",IF(H44="","",H44),I44),J44)="F",IF(M44="",IF(L44="",IF(K44="","",K44),L44),M44)="F",IF(P44="",IF(O44="",IF(N44="","",N44),O44),P44)="F")=TRUE,"F",IF(OR(IF(G44="",IF(F44="",IF(E44="","",E44),F44),G44)="PE",IF(J44="",IF(I44="",IF(H44="","",H44),I44),J44)="PE",IF(M44="",IF(L44="",IF(K44="","",K44),L44),M44)="PE",IF(P44="",IF(O44="",IF(N44="","",N44),O44),P44)="PE")=TRUE,"PE",IF(AND(IF(G44="",IF(F44="",IF(E44="","",E44),F44),G44)="",IF(J44="",IF(I44="",IF(H44="","",H44),I44),J44)="",IF(M44="",IF(L44="",IF(K44="","",K44),L44),M44)="",IF(P44="",IF(O44="",IF(N44="","",N44),O44),P44)="")=TRUE,"","P")))
A45: =IF(AND(D45="",D45=""),"",$D$3&"_"&ROW()-11-COUNTBLANK($D$12:D50)) | B45: Giữ trạng thái khi quay lại màn | C45: 1. Vào màn Thông báo 2. Điều hướng sang màn khác 3. Quay lại | D45: 1. Giữ dữ liệu hiện tại - Không load lại sai dữ liệu | E45: P | Q45: =IF(OR(IF(G45="",IF(F45="",IF(E45="","",E45),F45),G45)="F",IF(J45="",IF(I45="",IF(H45="","",H45),I45),J45)="F",IF(M45="",IF(L45="",IF(K45="","",K45),L45),M45)="F",IF(P45="",IF(O45="",IF(N45="","",N45),O45),P45)="F")=TRUE,"F",IF(OR(IF(G45="",IF(F45="",IF(E45="","",E45),F45),G45)="PE",IF(J45="",IF(I45="",IF(H45="","",H45),I45),J45)="PE",IF(M45="",IF(L45="",IF(K45="","",K45),L45),M45)="PE",IF(P45="",IF(O45="",IF(N45="","",N45),O45),P45)="PE")=TRUE,"PE",IF(AND(IF(G45="",IF(F45="",IF(E45="","",E45),F45),G45)="",IF(J45="",IF(I45="",IF(H45="","",H45),I45),J45)="",IF(M45="",IF(L45="",IF(K45="","",K45),L45),M45)="",IF(P45="",IF(O45="",IF(N45="","",N45),O45),P45)="")=TRUE,"","P")))
A46: =IF(AND(D46="",D46=""),"",$D$3&"_"&ROW()-11-COUNTBLANK($D$12:D46)) | B46: Chức năng (Phần này viết các trường hợp kiểm thử kiểm tra các ràng buộc trong cơ sở dữ liệu và cho các luồng nghiệp vụ trong tài liệu giải pháp, tích hợp với các chức năng khác) | Q46: =IF(OR(IF(G46="",IF(F46="",IF(E46="","",E46),F46),G46)="F",IF(J46="",IF(I46="",IF(H46="","",H46),I46),J46)="F",IF(M46="",IF(L46="",IF(K46="","",K46),L46),M46)="F",IF(P46="",IF(O46="",IF(N46="","",N46),O46),P46)="F")=TRUE,"F",IF(OR(IF(G46="",IF(F46="",IF(E46="","",E46),F46),G46)="PE",IF(J46="",IF(I46="",IF(H46="","",H46),I46),J46)="PE",IF(M46="",IF(L46="",IF(K46="","",K46),L46),M46)="PE",IF(P46="",IF(O46="",IF(N46="","",N46),O46),P46)="PE")=TRUE,"PE",IF(AND(IF(G46="",IF(F46="",IF(E46="","",E46),F46),G46)="",IF(J46="",IF(I46="",IF(H46="","",H46),I46),J46)="",IF(M46="",IF(L46="",IF(K46="","",K46),L46),M46)="",IF(P46="",IF(O46="",IF(N46="","",N46),O46),P46)="")=TRUE,"","P")))
A47: =IF(AND(D47="",D47=""),"",$D$3&"_"&ROW()-11-COUNTBLANK($D$12:D47)) | B47: Kiểm tra dữ liệu hiển thị | C47: 1. Vào màn Thông báo 2. Quan sát response API danh sách thông báo 3. So sánh từng item trên UI với response (title, time, type) | D47: 3. - Dữ liệu hiển thị trùng khớp với response API - Không sai lệch nội dung - Format hiển thị đúng (thời gian, text) | E47: P | Q47: =IF(OR(IF(G47="",IF(F47="",IF(E47="","",E47),F47),G47)="F",IF(J47="",IF(I47="",IF(H47="","",H47),I47),J47)="F",IF(M47="",IF(L47="",IF(K47="","",K47),L47),M47)="F",IF(P47="",IF(O47="",IF(N47="","",N47),O47),P47)="F")=TRUE,"F",IF(OR(IF(G47="",IF(F47="",IF(E47="","",E47),F47),G47)="PE",IF(J47="",IF(I47="",IF(H47="","",H47),I47),J47)="PE",IF(M47="",IF(L47="",IF(K47="","",K47),L47),M47)="PE",IF(P47="",IF(O47="",IF(N47="","",N47),O47),P47)="PE")=TRUE,"PE",IF(AND(IF(G47="",IF(F47="",IF(E47="","",E47),F47),G47)="",IF(J47="",IF(I47="",IF(H47="","",H47),I47),J47)="",IF(M47="",IF(L47="",IF(K47="","",K47),L47),M47)="",IF(P47="",IF(O47="",IF(N47="","",N47),O47),P47)="")=TRUE,"","P")))
A48: =IF(AND(D48="",D48=""),"",$D$3&"_"&ROW()-11-COUNTBLANK($D$12:D48)) | B48: Kiểm tra dữ liệu khi có notification mới | C48: 1. Vào màn hình Thông báo 2. Ghi nhận số lượng item hiện tại 3. Từ server gửi thêm notification mới 4. Thực hiện reload (pull to refresh hoặc vào lại màn) 5. Quan sát danh sách | D48: 5. Danh sách được cập nhật thêm item mới - Item mới hiển thị ở đầu - Không mất dữ liệu cũ | E48: P | Q48: =IF(OR(IF(G48="",IF(F48="",IF(E48="","",E48),F48),G48)="F",IF(J48="",IF(I48="",IF(H48="","",H48),I48),J48)="F",IF(M48="",IF(L48="",IF(K48="","",K48),L48),M48)="F",IF(P48="",IF(O48="",IF(N48="","",N48),O48),P48)="F")=TRUE,"F",IF(OR(IF(G48="",IF(F48="",IF(E48="","",E48),F48),G48)="PE",IF(J48="",IF(I48="",IF(H48="","",H48),I48),J48)="PE",IF(M48="",IF(L48="",IF(K48="","",K48),L48),M48)="PE",IF(P48="",IF(O48="",IF(N48="","",N48),O48),P48)="PE")=TRUE,"PE",IF(AND(IF(G48="",IF(F48="",IF(E48="","",E48),F48),G48)="",IF(J48="",IF(I48="",IF(H48="","",H48),I48),J48)="",IF(M48="",IF(L48="",IF(K48="","",K48),L48),M48)="",IF(P48="",IF(O48="",IF(N48="","",N48),O48),P48)="")=TRUE,"","P")))
A49: =IF(AND(D49="",D49=""),"",$D$3&"_"&ROW()-11-COUNTBLANK($D$12:D49)) | B49: Kiểm tra dữ liệu khi không kết nối DB | C49: Pre: Ngắt kết nối DB hoặc mock API trả lỗi DB 1. Vào màn hình Thông báo 2. Quan sát dữ liệu hiển thị | D49: 2. Không hiển thị dữ liệu - Hiển thị thông báo lỗi “Có lỗi xảy ra, vui lòng thử lại sau” | E49: P | Q49: =IF(OR(IF(G49="",IF(F49="",IF(E49="","",E49),F49),G49)="F",IF(J49="",IF(I49="",IF(H49="","",H49),I49),J49)="F",IF(M49="",IF(L49="",IF(K49="","",K49),L49),M49)="F",IF(P49="",IF(O49="",IF(N49="","",N49),O49),P49)="F")=TRUE,"F",IF(OR(IF(G49="",IF(F49="",IF(E49="","",E49),F49),G49)="PE",IF(J49="",IF(I49="",IF(H49="","",H49),I49),J49)="PE",IF(M49="",IF(L49="",IF(K49="","",K49),L49),M49)="PE",IF(P49="",IF(O49="",IF(N49="","",N49),O49),P49)="PE")=TRUE,"PE",IF(AND(IF(G49="",IF(F49="",IF(E49="","",E49),F49),G49)="",IF(J49="",IF(I49="",IF(H49="","",H49),I49),J49)="",IF(M49="",IF(L49="",IF(K49="","",K49),L49),M49)="",IF(P49="",IF(O49="",IF(N49="","",N49),O49),P49)="")=TRUE,"","P")))
A50: =IF(AND(D50="",D50=""),"",$D$3&"_"&ROW()-11-COUNTBLANK($D$12:D50)) | B50: Kiểm tra dữ liệu khi API lỗi | C50: Pre: Giả lập API trả lỗi (500/timeout) 1. Vào màn hình Thông báo 2. Quan sát dữ liệu hiển thị | D50: 2. Không hiển thị dữ liệu - Hiển thị thông báo lỗi - Không crash app | E50: P | Q50: =IF(OR(IF(G50="",IF(F50="",IF(E50="","",E50),F50),G50)="F",IF(J50="",IF(I50="",IF(H50="","",H50),I50),J50)="F",IF(M50="",IF(L50="",IF(K50="","",K50),L50),M50)="F",IF(P50="",IF(O50="",IF(N50="","",N50),O50),P50)="F")=TRUE,"F",IF(OR(IF(G50="",IF(F50="",IF(E50="","",E50),F50),G50)="PE",IF(J50="",IF(I50="",IF(H50="","",H50),I50),J50)="PE",IF(M50="",IF(L50="",IF(K50="","",K50),L50),M50)="PE",IF(P50="",IF(O50="",IF(N50="","",N50),O50),P50)="PE")=TRUE,"PE",IF(AND(IF(G50="",IF(F50="",IF(E50="","",E50),F50),G50)="",IF(J50="",IF(I50="",IF(H50="","",H50),I50),J50)="",IF(M50="",IF(L50="",IF(K50="","",K50),L50),M50)="",IF(P50="",IF(O50="",IF(N50="","",N50),O50),P50)="")=TRUE,"","P")))
A51: =IF(AND(D51="",D51=""),"",$D$3&"_"&ROW()-11-COUNTBLANK($D$12:D51)) | B51: Chức năng 1.2: Luồng hiện thị danh sách thông báo | Q51: =IF(OR(IF(G51="",IF(F51="",IF(E51="","",E51),F51),G51)="F",IF(J51="",IF(I51="",IF(H51="","",H51),I51),J51)="F",IF(M51="",IF(L51="",IF(K51="","",K51),L51),M51)="F",IF(P51="",IF(O51="",IF(N51="","",N51),O51),P51)="F")=TRUE,"F",IF(OR(IF(G51="",IF(F51="",IF(E51="","",E51),F51),G51)="PE",IF(J51="",IF(I51="",IF(H51="","",H51),I51),J51)="PE",IF(M51="",IF(L51="",IF(K51="","",K51),L51),M51)="PE",IF(P51="",IF(O51="",IF(N51="","",N51),O51),P51)="PE")=TRUE,"PE",IF(AND(IF(G51="",IF(F51="",IF(E51="","",E51),F51),G51)="",IF(J51="",IF(I51="",IF(H51="","",H51),I51),J51)="",IF(M51="",IF(L51="",IF(K51="","",K51),L51),M51)="",IF(P51="",IF(O51="",IF(N51="","",N51),O51),P51)="")=TRUE,"","P")))
A52: =IF(AND(D52="",D52=""),"",$D$3&"_"&ROW()-11-COUNTBLANK($D$12:D52)) | B52: Chức năng (Phần này viết các trường hợp kiểm thử kiểm tra các ràng buộc trong cơ sở dữ liệu và cho các luồng nghiệp vụ trong tài liệu giải pháp, tích hợp với các chức năng khác) | Q52: =IF(OR(IF(G52="",IF(F52="",IF(E52="","",E52),F52),G52)="F",IF(J52="",IF(I52="",IF(H52="","",H52),I52),J52)="F",IF(M52="",IF(L52="",IF(K52="","",K52),L52),M52)="F",IF(P52="",IF(O52="",IF(N52="","",N52),O52),P52)="F")=TRUE,"F",IF(OR(IF(G52="",IF(F52="",IF(E52="","",E52),F52),G52)="PE",IF(J52="",IF(I52="",IF(H52="","",H52),I52),J52)="PE",IF(M52="",IF(L52="",IF(K52="","",K52),L52),M52)="PE",IF(P52="",IF(O52="",IF(N52="","",N52),O52),P52)="PE")=TRUE,"PE",IF(AND(IF(G52="",IF(F52="",IF(E52="","",E52),F52),G52)="",IF(J52="",IF(I52="",IF(H52="","",H52),I52),J52)="",IF(M52="",IF(L52="",IF(K52="","",K52),L52),M52)="",IF(P52="",IF(O52="",IF(N52="","",N52),O52),P52)="")=TRUE,"","P")))
A53: =IF(AND(D53="",D53=""),"",$D$3&"_"&ROW()-11-COUNTBLANK($D$12:D53)) | B53: Kiểm tra dữ liệu hiển thị | C53: 1. Vào màn Thông báo 2. Quan sát response API danh sách thông báo 3. So sánh từng item trên UI với response (title, time, type) | D53: 3. - Dữ liệu hiển thị trùng khớp với response API - Không sai lệch nội dung - Format hiển thị đúng (thời gian, text) | E53: P | Q53: =IF(OR(IF(G53="",IF(F53="",IF(E53="","",E53),F53),G53)="F",IF(J53="",IF(I53="",IF(H53="","",H53),I53),J53)="F",IF(M53="",IF(L53="",IF(K53="","",K53),L53),M53)="F",IF(P53="",IF(O53="",IF(N53="","",N53),O53),P53)="F")=TRUE,"F",IF(OR(IF(G53="",IF(F53="",IF(E53="","",E53),F53),G53)="PE",IF(J53="",IF(I53="",IF(H53="","",H53),I53),J53)="PE",IF(M53="",IF(L53="",IF(K53="","",K53),L53),M53)="PE",IF(P53="",IF(O53="",IF(N53="","",N53),O53),P53)="PE")=TRUE,"PE",IF(AND(IF(G53="",IF(F53="",IF(E53="","",E53),F53),G53)="",IF(J53="",IF(I53="",IF(H53="","",H53),I53),J53)="",IF(M53="",IF(L53="",IF(K53="","",K53),L53),M53)="",IF(P53="",IF(O53="",IF(N53="","",N53),O53),P53)="")=TRUE,"","P")))
A54: =IF(AND(D54="",D54=""),"",$D$3&"_"&ROW()-11-COUNTBLANK($D$12:D54)) | B54: Kiểm tra hiển thị số lượng item | C54: 1. Vào màn hình Thông báo 2. Ghi nhận response API trả về danh sách (đếm số lượng item = N) 3. Đếm số lượng item hiển thị trên UI 4. So sánh số lượng UI với API | D54: 4. UI hiển thị đúng N item theo API - Không thiếu item - Không hiển thị dư item | E54: P | Q54: =IF(OR(IF(G54="",IF(F54="",IF(E54="","",E54),F54),G54)="F",IF(J54="",IF(I54="",IF(H54="","",H54),I54),J54)="F",IF(M54="",IF(L54="",IF(K54="","",K54),L54),M54)="F",IF(P54="",IF(O54="",IF(N54="","",N54),O54),P54)="F")=TRUE,"F",IF(OR(IF(G54="",IF(F54="",IF(E54="","",E54),F54),G54)="PE",IF(J54="",IF(I54="",IF(H54="","",H54),I54),J54)="PE",IF(M54="",IF(L54="",IF(K54="","",K54),L54),M54)="PE",IF(P54="",IF(O54="",IF(N54="","",N54),O54),P54)="PE")=TRUE,"PE",IF(AND(IF(G54="",IF(F54="",IF(E54="","",E54),F54),G54)="",IF(J54="",IF(I54="",IF(H54="","",H54),I54),J54)="",IF(M54="",IF(L54="",IF(K54="","",K54),L54),M54)="",IF(P54="",IF(O54="",IF(N54="","",N54),O54),P54)="")=TRUE,"","P")))
A55: =IF(AND(D55="",D55=""),"",$D$3&"_"&ROW()-11-COUNTBLANK($D$12:D55)) | B55: Hiển thị đúng nội dung item | C55: 1. Vào màn hình Thông báo 2. Chọn 1 item bất kỳ trên UI 3. Lấy thông tin item tương ứng trong response API (title, time) 4. So sánh từng field giữa UI và API | D55: 4. Title hiển thị đúng nội dung - Time hiển thị đúng format và giá trị - Không sai lệch dữ liệu | E55: P | Q55: =IF(OR(IF(G55="",IF(F55="",IF(E55="","",E55),F55),G55)="F",IF(J55="",IF(I55="",IF(H55="","",H55),I55),J55)="F",IF(M55="",IF(L55="",IF(K55="","",K55),L55),M55)="F",IF(P55="",IF(O55="",IF(N55="","",N55),O55),P55)="F")=TRUE,"F",IF(OR(IF(G55="",IF(F55="",IF(E55="","",E55),F55),G55)="PE",IF(J55="",IF(I55="",IF(H55="","",H55),I55),J55)="PE",IF(M55="",IF(L55="",IF(K55="","",K55),L55),M55)="PE",IF(P55="",IF(O55="",IF(N55="","",N55),O55),P55)="PE")=TRUE,"PE",IF(AND(IF(G55="",IF(F55="",IF(E55="","",E55),F55),G55)="",IF(J55="",IF(I55="",IF(H55="","",H55),I55),J55)="",IF(M55="",IF(L55="",IF(K55="","",K55),L55),M55)="",IF(P55="",IF(O55="",IF(N55="","",N55),O55),P55)="")=TRUE,"","P")))
A56: =IF(AND(D56="",D56=""),"",$D$3&"_"&ROW()-11-COUNTBLANK($D$12:D56)) | B56: Kiểm tra dữ liệu hiển thị khi sắp xếp | C56: Pre: Mock API trả nhiều item thời gian khác nhau 1. Vào màn hình Thông báo 2. Quan sát thứ tự danh sách | D56: 2.-Sắp xếp đúng theo thời gian (mới → cũ) - Không có item sai vị trí | E56: P | Q56: =IF(OR(IF(G56="",IF(F56="",IF(E56="","",E56),F56),G56)="F",IF(J56="",IF(I56="",IF(H56="","",H56),I56),J56)="F",IF(M56="",IF(L56="",IF(K56="","",K56),L56),M56)="F",IF(P56="",IF(O56="",IF(N56="","",N56),O56),P56)="F")=TRUE,"F",IF(OR(IF(G56="",IF(F56="",IF(E56="","",E56),F56),G56)="PE",IF(J56="",IF(I56="",IF(H56="","",H56),I56),J56)="PE",IF(M56="",IF(L56="",IF(K56="","",K56),L56),M56)="PE",IF(P56="",IF(O56="",IF(N56="","",N56),O56),P56)="PE")=TRUE,"PE",IF(AND(IF(G56="",IF(F56="",IF(E56="","",E56),F56),G56)="",IF(J56="",IF(I56="",IF(H56="","",H56),I56),J56)="",IF(M56="",IF(L56="",IF(K56="","",K56),L56),M56)="",IF(P56="",IF(O56="",IF(N56="","",N56),O56),P56)="")=TRUE,"","P")))
A57: =IF(AND(D57="",D57=""),"",$D$3&"_"&ROW()-11-COUNTBLANK($D$12:D57)) | B57: Kiểm tra dữ liệu hiển thị theo nhóm ngày | C57: Pre: Mock API có dữ liệu nhiều ngày khác nhau 1. Vào màn hình Thông báo 2. Quan sát các group | D57: 2. Hiển thị đúng nhóm “Hôm nay”, “Hôm qua”… - Item nằm đúng nhóm | E57: P | Q57: =IF(OR(IF(G57="",IF(F57="",IF(E57="","",E57),F57),G57)="F",IF(J57="",IF(I57="",IF(H57="","",H57),I57),J57)="F",IF(M57="",IF(L57="",IF(K57="","",K57),L57),M57)="F",IF(P57="",IF(O57="",IF(N57="","",N57),O57),P57)="F")=TRUE,"F",IF(OR(IF(G57="",IF(F57="",IF(E57="","",E57),F57),G57)="PE",IF(J57="",IF(I57="",IF(H57="","",H57),I57),J57)="PE",IF(M57="",IF(L57="",IF(K57="","",K57),L57),M57)="PE",IF(P57="",IF(O57="",IF(N57="","",N57),O57),P57)="PE")=TRUE,"PE",IF(AND(IF(G57="",IF(F57="",IF(E57="","",E57),F57),G57)="",IF(J57="",IF(I57="",IF(H57="","",H57),I57),J57)="",IF(M57="",IF(L57="",IF(K57="","",K57),L57),M57)="",IF(P57="",IF(O57="",IF(N57="","",N57),O57),P57)="")=TRUE,"","P")))
A58: =IF(AND(D58="",D58=""),"",$D$3&"_"&ROW()-11-COUNTBLANK($D$12:D58)) | B58: Kiểm tra dữ liệu hiển thị khi trùng (duplicate) | C58: Pre: Mock API trả 2 item trùng id 1. Vào màn hình Thông báo 2. Quan sát danh sách | D58: 2. - Không hiển thị item trùng - Danh sách chỉ hiển thị 1 bản ghi | E58: P | Q58: =IF(OR(IF(G58="",IF(F58="",IF(E58="","",E58),F58),G58)="F",IF(J58="",IF(I58="",IF(H58="","",H58),I58),J58)="F",IF(M58="",IF(L58="",IF(K58="","",K58),L58),M58)="F",IF(P58="",IF(O58="",IF(N58="","",N58),O58),P58)="F")=TRUE,"F",IF(OR(IF(G58="",IF(F58="",IF(E58="","",E58),F58),G58)="PE",IF(J58="",IF(I58="",IF(H58="","",H58),I58),J58)="PE",IF(M58="",IF(L58="",IF(K58="","",K58),L58),M58)="PE",IF(P58="",IF(O58="",IF(N58="","",N58),O58),P58)="PE")=TRUE,"PE",IF(AND(IF(G58="",IF(F58="",IF(E58="","",E58),F58),G58)="",IF(J58="",IF(I58="",IF(H58="","",H58),I58),J58)="",IF(M58="",IF(L58="",IF(K58="","",K58),L58),M58)="",IF(P58="",IF(O58="",IF(N58="","",N58),O58),P58)="")=TRUE,"","P")))
A59: =IF(AND(D59="",D59=""),"",$D$3&"_"&ROW()-11-COUNTBLANK($D$12:D59)) | B59: Load thêm dữ liệu (pagination) | C59: 1. Vào màn hình Thông báo 2. Scroll xuống cuối danh sách 3. Quan sát có gọi API load thêm (page 2, page 3...) 4. Chờ dữ liệu load xong 5. Quan sát danh sách sau khi load | D59: 5. Gọi API load thêm đúng param (page/offset) - Dữ liệu mới được append vào cuối list - Không ghi đè dữ liệu cũ - Không bị duplicate item | E59: P | Q59: =IF(OR(IF(G59="",IF(F59="",IF(E59="","",E59),F59),G59)="F",IF(J59="",IF(I59="",IF(H59="","",H59),I59),J59)="F",IF(M59="",IF(L59="",IF(K59="","",K59),L59),M59)="F",IF(P59="",IF(O59="",IF(N59="","",N59),O59),P59)="F")=TRUE,"F",IF(OR(IF(G59="",IF(F59="",IF(E59="","",E59),F59),G59)="PE",IF(J59="",IF(I59="",IF(H59="","",H59),I59),J59)="PE",IF(M59="",IF(L59="",IF(K59="","",K59),L59),M59)="PE",IF(P59="",IF(O59="",IF(N59="","",N59),O59),P59)="PE")=TRUE,"PE",IF(AND(IF(G59="",IF(F59="",IF(E59="","",E59),F59),G59)="",IF(J59="",IF(I59="",IF(H59="","",H59),I59),J59)="",IF(M59="",IF(L59="",IF(K59="","",K59),L59),M59)="",IF(P59="",IF(O59="",IF(N59="","",N59),O59),P59)="")=TRUE,"","P")))
A60: =IF(AND(D60="",D60=""),"",$D$3&"_"&ROW()-11-COUNTBLANK($D$12:D60)) | B60: Không load thêm khi hết dữ liệu | C60: Pre: API trả về page cuối (không còn dữ liệu) 1. Vào màn hình Thông báo 2. Scroll xuống cuối danh sách nhiều lần 3. Quan sát request API | D60: 3. Không gọi thêm API mới - Không hiển thị loading vô hạn | E60: P | Q60: =IF(OR(IF(G60="",IF(F60="",IF(E60="","",E60),F60),G60)="F",IF(J60="",IF(I60="",IF(H60="","",H60),I60),J60)="F",IF(M60="",IF(L60="",IF(K60="","",K60),L60),M60)="F",IF(P60="",IF(O60="",IF(N60="","",N60),O60),P60)="F")=TRUE,"F",IF(OR(IF(G60="",IF(F60="",IF(E60="","",E60),F60),G60)="PE",IF(J60="",IF(I60="",IF(H60="","",H60),I60),J60)="PE",IF(M60="",IF(L60="",IF(K60="","",K60),L60),M60)="PE",IF(P60="",IF(O60="",IF(N60="","",N60),O60),P60)="PE")=TRUE,"PE",IF(AND(IF(G60="",IF(F60="",IF(E60="","",E60),F60),G60)="",IF(J60="",IF(I60="",IF(H60="","",H60),I60),J60)="",IF(M60="",IF(L60="",IF(K60="","",K60),L60),M60)="",IF(P60="",IF(O60="",IF(N60="","",N60),O60),P60)="")=TRUE,"","P")))
A61: =IF(AND(D61="",D61=""),"",$D$3&"_"&ROW()-11-COUNTBLANK($D$12:D61)) | B61: Chức năng 1.3: Luồng filter/tab thông báo
A62: =IF(AND(D62="",D62=""),"",$D$3&"_"&ROW()-11-COUNTBLANK($D$12:D62)) | B62: Chức năng (Phần này viết các trường hợp kiểm thử kiểm tra các ràng buộc trong cơ sở dữ liệu và cho các luồng nghiệp vụ trong tài liệu giải pháp, tích hợp với các chức năng khác) | Q62: =IF(OR(IF(G62="",IF(F62="",IF(E62="","",E62),F62),G62)="F",IF(J62="",IF(I62="",IF(H62="","",H62),I62),J62)="F",IF(M62="",IF(L62="",IF(K62="","",K62),L62),M62)="F",IF(P62="",IF(O62="",IF(N62="","",N62),O62),P62)="F")=TRUE,"F",IF(OR(IF(G62="",IF(F62="",IF(E62="","",E62),F62),G62)="PE",IF(J62="",IF(I62="",IF(H62="","",H62),I62),J62)="PE",IF(M62="",IF(L62="",IF(K62="","",K62),L62),M62)="PE",IF(P62="",IF(O62="",IF(N62="","",N62),O62),P62)="PE")=TRUE,"PE",IF(AND(IF(G62="",IF(F62="",IF(E62="","",E62),F62),G62)="",IF(J62="",IF(I62="",IF(H62="","",H62),I62),J62)="",IF(M62="",IF(L62="",IF(K62="","",K62),L62),M62)="",IF(P62="",IF(O62="",IF(N62="","",N62),O62),P62)="")=TRUE,"","P")))
A63: =IF(AND(D63="",D63=""),"",$D$3&"_"&ROW()-11-COUNTBLANK($D$12:D29)) | B63: Kiểm tra tab mặc định | C63: 1. Vào màn hình Thông báo 2. Quan sát tab | D63: 2. - Tab Hệ thống được chọn mặc định - Tab active có nền highlight (màu xanh) | E63: P | Q63: =IF(OR(IF(G63="",IF(F63="",IF(E63="","",E63),F63),G63)="F",IF(J63="",IF(I63="",IF(H63="","",H63),I63),J63)="F",IF(M63="",IF(L63="",IF(K63="","",K63),L63),M63)="F",IF(P63="",IF(O63="",IF(N63="","",N63),O63),P63)="F")=TRUE,"F",IF(OR(IF(G63="",IF(F63="",IF(E63="","",E63),F63),G63)="PE",IF(J63="",IF(I63="",IF(H63="","",H63),I63),J63)="PE",IF(M63="",IF(L63="",IF(K63="","",K63),L63),M63)="PE",IF(P63="",IF(O63="",IF(N63="","",N63),O63),P63)="PE")=TRUE,"PE",IF(AND(IF(G63="",IF(F63="",IF(E63="","",E63),F63),G63)="",IF(J63="",IF(I63="",IF(H63="","",H63),I63),J63)="",IF(M63="",IF(L63="",IF(K63="","",K63),L63),M63)="",IF(P63="",IF(O63="",IF(N63="","",N63),O63),P63)="")=TRUE,"","P")))
A64: =IF(AND(D64="",D64=""),"",$D$3&"_"&ROW()-11-COUNTBLANK($D$12:D64)) | B64: Chọn tab Hệ thống | C64: 1. Mở màn hình Thông báo 2. Click tab “Hệ thống” | D64: 2. Tab được active, data hiển thị đúng | E64: P | Q64: =IF(OR(IF(G64="",IF(F64="",IF(E64="","",E64),F64),G64)="F",IF(J64="",IF(I64="",IF(H64="","",H64),I64),J64)="F",IF(M64="",IF(L64="",IF(K64="","",K64),L64),M64)="F",IF(P64="",IF(O64="",IF(N64="","",N64),O64),P64)="F")=TRUE,"F",IF(OR(IF(G64="",IF(F64="",IF(E64="","",E64),F64),G64)="PE",IF(J64="",IF(I64="",IF(H64="","",H64),I64),J64)="PE",IF(M64="",IF(L64="",IF(K64="","",K64),L64),M64)="PE",IF(P64="",IF(O64="",IF(N64="","",N64),O64),P64)="PE")=TRUE,"PE",IF(AND(IF(G64="",IF(F64="",IF(E64="","",E64),F64),G64)="",IF(J64="",IF(I64="",IF(H64="","",H64),I64),J64)="",IF(M64="",IF(L64="",IF(K64="","",K64),L64),M64)="",IF(P64="",IF(O64="",IF(N64="","",N64),O64),P64)="")=TRUE,"","P")))
A65: =IF(AND(D65="",D65=""),"",$D$3&"_"&ROW()-11-COUNTBLANK($D$12:D65)) | B65: Chọn tab Giao dịch | C65: 1. Click tab “Giao dịch” | D65: 1. Tab được active, data hiển thị đúng | E65: P | Q65: =IF(OR(IF(G65="",IF(F65="",IF(E65="","",E65),F65),G65)="F",IF(J65="",IF(I65="",IF(H65="","",H65),I65),J65)="F",IF(M65="",IF(L65="",IF(K65="","",K65),L65),M65)="F",IF(P65="",IF(O65="",IF(N65="","",N65),O65),P65)="F")=TRUE,"F",IF(OR(IF(G65="",IF(F65="",IF(E65="","",E65),F65),G65)="PE",IF(J65="",IF(I65="",IF(H65="","",H65),I65),J65)="PE",IF(M65="",IF(L65="",IF(K65="","",K65),L65),M65)="PE",IF(P65="",IF(O65="",IF(N65="","",N65),O65),P65)="PE")=TRUE,"PE",IF(AND(IF(G65="",IF(F65="",IF(E65="","",E65),F65),G65)="",IF(J65="",IF(I65="",IF(H65="","",H65),I65),J65)="",IF(M65="",IF(L65="",IF(K65="","",K65),L65),M65)="",IF(P65="",IF(O65="",IF(N65="","",N65),O65),P65)="")=TRUE,"","P")))
A66: =IF(AND(D66="",D66=""),"",$D$3&"_"&ROW()-11-COUNTBLANK($D$12:D66)) | B66: Chọn tab Khuyến mãi | C66: 1. Click tab “Khuyến mãi” | D66: 1. Tab được active, data hiển thị đúng | E66: P | Q66: =IF(OR(IF(G66="",IF(F66="",IF(E66="","",E66),F66),G66)="F",IF(J66="",IF(I66="",IF(H66="","",H66),I66),J66)="F",IF(M66="",IF(L66="",IF(K66="","",K66),L66),M66)="F",IF(P66="",IF(O66="",IF(N66="","",N66),O66),P66)="F")=TRUE,"F",IF(OR(IF(G66="",IF(F66="",IF(E66="","",E66),F66),G66)="PE",IF(J66="",IF(I66="",IF(H66="","",H66),I66),J66)="PE",IF(M66="",IF(L66="",IF(K66="","",K66),L66),M66)="PE",IF(P66="",IF(O66="",IF(N66="","",N66),O66),P66)="PE")=TRUE,"PE",IF(AND(IF(G66="",IF(F66="",IF(E66="","",E66),F66),G66)="",IF(J66="",IF(I66="",IF(H66="","",H66),I66),J66)="",IF(M66="",IF(L66="",IF(K66="","",K66),L66),M66)="",IF(P66="",IF(O66="",IF(N66="","",N66),O66),P66)="")=TRUE,"","P")))
A67: =IF(AND(D67="",D67=""),"",$D$3&"_"&ROW()-11-COUNTBLANK($D$12:D22)) | B67: Chuyển tab liên tục | C67: 1. Click nhanh nhiều tab | D67: 1. UI phản hồi mượt, không crash Không hiển thị sai/trộn data giữa các tab | E67: P | Q67: =IF(OR(IF(G67="",IF(F67="",IF(E67="","",E67),F67),G67)="F",IF(J67="",IF(I67="",IF(H67="","",H67),I67),J67)="F",IF(M67="",IF(L67="",IF(K67="","",K67),L67),M67)="F",IF(P67="",IF(O67="",IF(N67="","",N67),O67),P67)="F")=TRUE,"F",IF(OR(IF(G67="",IF(F67="",IF(E67="","",E67),F67),G67)="PE",IF(J67="",IF(I67="",IF(H67="","",H67),I67),J67)="PE",IF(M67="",IF(L67="",IF(K67="","",K67),L67),M67)="PE",IF(P67="",IF(O67="",IF(N67="","",N67),O67),P67)="PE")=TRUE,"PE",IF(AND(IF(G67="",IF(F67="",IF(E67="","",E67),F67),G67)="",IF(J67="",IF(I67="",IF(H67="","",H67),I67),J67)="",IF(M67="",IF(L67="",IF(K67="","",K67),L67),M67)="",IF(P67="",IF(O67="",IF(N67="","",N67),O67),P67)="")=TRUE,"","P")))
A68: =IF(AND(D68="",D68=""),"",$D$3&"_"&ROW()-11-COUNTBLANK($D$12:D61)) | B68: Reset scroll khi đổi tab | C68: 1. Scroll xuống 2. Chuyển tab | D68: 2. List về đầu | E68: P | Q68: =IF(OR(IF(G68="",IF(F68="",IF(E68="","",E68),F68),G68)="F",IF(J68="",IF(I68="",IF(H68="","",H68),I68),J68)="F",IF(M68="",IF(L68="",IF(K68="","",K68),L68),M68)="F",IF(P68="",IF(O68="",IF(N68="","",N68),O68),P68)="F")=TRUE,"F",IF(OR(IF(G68="",IF(F68="",IF(E68="","",E68),F68),G68)="PE",IF(J68="",IF(I68="",IF(H68="","",H68),I68),J68)="PE",IF(M68="",IF(L68="",IF(K68="","",K68),L68),M68)="PE",IF(P68="",IF(O68="",IF(N68="","",N68),O68),P68)="PE")=TRUE,"PE",IF(AND(IF(G68="",IF(F68="",IF(E68="","",E68),F68),G68)="",IF(J68="",IF(I68="",IF(H68="","",H68),I68),J68)="",IF(M68="",IF(L68="",IF(K68="","",K68),L68),M68)="",IF(P68="",IF(O68="",IF(N68="","",N68),O68),P68)="")=TRUE,"","P")))
A69: =IF(AND(D69="",D69=""),"",$D$3&"_"&ROW()-11-COUNTBLANK($D$12:D69)) | B69: Chức năng 1.4: Luồng mark read/ mark all
A70: =IF(AND(D70="",D70=""),"",$D$3&"_"&ROW()-11-COUNTBLANK($D$12:D70)) | B70: Giao diện bottom sheet Quản lý thông báo | Q70: =IF(OR(IF(G70="",IF(F70="",IF(E70="","",E70),F70),G70)="F",IF(J70="",IF(I70="",IF(H70="","",H70),I70),J70)="F",IF(M70="",IF(L70="",IF(K70="","",K70),L70),M70)="F",IF(P70="",IF(O70="",IF(N70="","",N70),O70),P70)="F")=TRUE,"F",IF(OR(IF(G70="",IF(F70="",IF(E70="","",E70),F70),G70)="PE",IF(J70="",IF(I70="",IF(H70="","",H70),I70),J70)="PE",IF(M70="",IF(L70="",IF(K70="","",K70),L70),M70)="PE",IF(P70="",IF(O70="",IF(N70="","",N70),O70),P70)="PE")=TRUE,"PE",IF(AND(IF(G70="",IF(F70="",IF(E70="","",E70),F70),G70)="",IF(J70="",IF(I70="",IF(H70="","",H70),I70),J70)="",IF(M70="",IF(L70="",IF(K70="","",K70),L70),M70)="",IF(P70="",IF(O70="",IF(N70="","",N70),O70),P70)="")=TRUE,"","P")))
A71: =IF(AND(D71="",D71=""),"",$D$3&"_"&ROW()-11-COUNTBLANK($D$12:D71)) | B71: Kiểm tra khi click vào icon 3 chấm ở header | C71: 1. Tại màn thông báo 2. Click vào icon 3 chấm | D71: 2. Hiển thị bottom sheet Quản lý thông báo | E71: P | Q71: =IF(OR(IF(G71="",IF(F71="",IF(E71="","",E71),F71),G71)="F",IF(J71="",IF(I71="",IF(H71="","",H71),I71),J71)="F",IF(M71="",IF(L71="",IF(K71="","",K71),L71),M71)="F",IF(P71="",IF(O71="",IF(N71="","",N71),O71),P71)="F")=TRUE,"F",IF(OR(IF(G71="",IF(F71="",IF(E71="","",E71),F71),G71)="PE",IF(J71="",IF(I71="",IF(H71="","",H71),I71),J71)="PE",IF(M71="",IF(L71="",IF(K71="","",K71),L71),M71)="PE",IF(P71="",IF(O71="",IF(N71="","",N71),O71),P71)="PE")=TRUE,"PE",IF(AND(IF(G71="",IF(F71="",IF(E71="","",E71),F71),G71)="",IF(J71="",IF(I71="",IF(H71="","",H71),I71),J71)="",IF(M71="",IF(L71="",IF(K71="","",K71),L71),M71)="",IF(P71="",IF(O71="",IF(N71="","",N71),O71),P71)="")=TRUE,"","P")))
A72: =IF(AND(D72="",D72=""),"",$D$3&"_"&ROW()-11-COUNTBLANK($D$12:D27)) | B72: Kiểm tra giao diện bottom sheet | C72: 1. Tại màn thông báo 2. Click vào icon 3 chấm 3. Kiểm tra giao diện hiển thị bottom sheet | D72: 3. Hiển thị giao diện bottom sheet gồm - Text Quản lý thông báo - Button Đánh dấu đọc tất cả - Button Xóa tất cả thông báo | E72: P | Q72: =IF(OR(IF(G72="",IF(F72="",IF(E72="","",E72),F72),G72)="F",IF(J72="",IF(I72="",IF(H72="","",H72),I72),J72)="F",IF(M72="",IF(L72="",IF(K72="","",K72),L72),M72)="F",IF(P72="",IF(O72="",IF(N72="","",N72),O72),P72)="F")=TRUE,"F",IF(OR(IF(G72="",IF(F72="",IF(E72="","",E72),F72),G72)="PE",IF(J72="",IF(I72="",IF(H72="","",H72),I72),J72)="PE",IF(M72="",IF(L72="",IF(K72="","",K72),L72),M72)="PE",IF(P72="",IF(O72="",IF(N72="","",N72),O72),P72)="PE")=TRUE,"PE",IF(AND(IF(G72="",IF(F72="",IF(E72="","",E72),F72),G72)="",IF(J72="",IF(I72="",IF(H72="","",H72),I72),J72)="",IF(M72="",IF(L72="",IF(K72="","",K72),L72),M72)="",IF(P72="",IF(O72="",IF(N72="","",N72),O72),P72)="")=TRUE,"","P")))
A73: =IF(AND(D73="",D73=""),"",$D$3&"_"&ROW()-11-COUNTBLANK($D$12:D28)) | B73: Kiểm tra button Đánh dấu đã đọc tất cả khi có thông báo chưa đọc | C73: pre: Có thông báo chưa đọc 1. Kiểm tra button Đánh dấu đã đọc tất cả | D73: 1. Enable cho phép người dùng click | E73: P | Q73: =IF(OR(IF(G73="",IF(F73="",IF(E73="","",E73),F73),G73)="F",IF(J73="",IF(I73="",IF(H73="","",H73),I73),J73)="F",IF(M73="",IF(L73="",IF(K73="","",K73),L73),M73)="F",IF(P73="",IF(O73="",IF(N73="","",N73),O73),P73)="F")=TRUE,"F",IF(OR(IF(G73="",IF(F73="",IF(E73="","",E73),F73),G73)="PE",IF(J73="",IF(I73="",IF(H73="","",H73),I73),J73)="PE",IF(M73="",IF(L73="",IF(K73="","",K73),L73),M73)="PE",IF(P73="",IF(O73="",IF(N73="","",N73),O73),P73)="PE")=TRUE,"PE",IF(AND(IF(G73="",IF(F73="",IF(E73="","",E73),F73),G73)="",IF(J73="",IF(I73="",IF(H73="","",H73),I73),J73)="",IF(M73="",IF(L73="",IF(K73="","",K73),L73),M73)="",IF(P73="",IF(O73="",IF(N73="","",N73),O73),P73)="")=TRUE,"","P")))
A74: =IF(AND(D74="",D74=""),"",$D$3&"_"&ROW()-11-COUNTBLANK($D$12:D29)) | B74: Kiểm tra khi người dùng click button Đánh dấu đã đọc tất cả khi có thông báo chưa đọc | C74: pre: Có thông báo chưa đọc 1. Click button Đánh dấu đã đọc tất cả 2. Kiểm tra hiển thị | D74: 1. Đóng button sheet 2. Tất cả thông báo trở về trạng thái đã đọc. badge thông báo ở button tab và quả chuông đều biến mất
A75: =IF(AND(D75="",D75=""),"",$D$3&"_"&ROW()-11-COUNTBLANK($D$12:D30)) | B75: Kiểm tra button Đánh dấu đã đọc tất cả khi tất cả thông báo đã được đọc | C75: pre: Có thông báo chưa đọc 1. Kiểm tra button Đánh dấu đã đọc tất cả | D75: 1. Disable nút
A76: =IF(AND(D76="",D76=""),"",$D$3&"_"&ROW()-11-COUNTBLANK($D$12:D31)) | B76: Kiểm tra khi người dùng click button Đánh dấu đã đọc tất cả khi không có thông báo chưa đọc | C76: pre: Có thông báo chưa đọc 1. Click button Đánh dấu đã đọc tất cả 2. Kiểm tra hiển thị | D76: 1. Disable nút 2. Bottom sheet giữ nguyên không đóng
A77: =IF(AND(D77="",D77=""),"",$D$3&"_"&ROW()-11-COUNTBLANK($D$12:D32)) | B77: Kiểm tra button Xóa tất cả thông báo khi có thông báo | C77: pre: Vẫn có thông báo chưa đọc và đã đọc 1. Kiểm tra button Đánh dấu đã đọc tất cả | D77: 1. Enable cho phép người dùng click | E77: P | Q77: =IF(OR(IF(G77="",IF(F77="",IF(E77="","",E77),F77),G77)="F",IF(J77="",IF(I77="",IF(H77="","",H77),I77),J77)="F",IF(M77="",IF(L77="",IF(K77="","",K77),L77),M77)="F",IF(P77="",IF(O77="",IF(N77="","",N77),O77),P77)="F")=TRUE,"F",IF(OR(IF(G77="",IF(F77="",IF(E77="","",E77),F77),G77)="PE",IF(J77="",IF(I77="",IF(H77="","",H77),I77),J77)="PE",IF(M77="",IF(L77="",IF(K77="","",K77),L77),M77)="PE",IF(P77="",IF(O77="",IF(N77="","",N77),O77),P77)="PE")=TRUE,"PE",IF(AND(IF(G77="",IF(F77="",IF(E77="","",E77),F77),G77)="",IF(J77="",IF(I77="",IF(H77="","",H77),I77),J77)="",IF(M77="",IF(L77="",IF(K77="","",K77),L77),M77)="",IF(P77="",IF(O77="",IF(N77="","",N77),O77),P77)="")=TRUE,"","P")))
A78: =IF(AND(D78="",D78=""),"",$D$3&"_"&ROW()-11-COUNTBLANK($D$12:D33)) | B78: Kiểm tra khi người dùng click button Xóa tất cả thông báo khi có thông báo | C78: pre: Vẫn có thông báo chưa đọc và đã đọc 1. Click button Đánh dấu đã đọc tất cả 2. Kiểm tra hiển thị | D78: 1. Đóng button sheet 2. Tất cả thông báo được xóa hoàn toàn ở tất cả các tab
A79: =IF(AND(D79="",D79=""),"",$D$3&"_"&ROW()-11-COUNTBLANK($D$12:D34)) | B79: Kiểm tra khi người dùng click button Xóa tất cả thông báo khi không có thông báo cả các tab | C79: pre: cả 3 tab đều không hiển thị thông báo nào 1. Click button Đánh dấu đã đọc tất cả 2. Kiểm tra hiển thị | D79: 1. Disable nút 2. Bottom sheet giữ nguyên không đóng
A80: =IF(AND(D80="",D80=""),"",$D$3&"_"&ROW()-11-COUNTBLANK($D$12:D35)) | B80: Kiểm tra khi người dùng click button Đánh dấu đã đọc tất cả khi không có thông báo chưa đọc | C80: pre: Có thông báo chưa đọc 1. Click button Đánh dấu đã đọc tất cả 2. Kiểm tra hiển thị | D80: 1. Disable nút 2. Bottom sheet giữ nguyên không đóng
A81: =IF(AND(D81="",D81=""),"",$D$3&"_"&ROW()-11-COUNTBLANK($D$12:D81)) | B81: Giao diện thông báo | Q81: =IF(OR(IF(G81="",IF(F81="",IF(E81="","",E81),F81),G81)="F",IF(J81="",IF(I81="",IF(H81="","",H81),I81),J81)="F",IF(M81="",IF(L81="",IF(K81="","",K81),L81),M81)="F",IF(P81="",IF(O81="",IF(N81="","",N81),O81),P81)="F")=TRUE,"F",IF(OR(IF(G81="",IF(F81="",IF(E81="","",E81),F81),G81)="PE",IF(J81="",IF(I81="",IF(H81="","",H81),I81),J81)="PE",IF(M81="",IF(L81="",IF(K81="","",K81),L81),M81)="PE",IF(P81="",IF(O81="",IF(N81="","",N81),O81),P81)="PE")=TRUE,"PE",IF(AND(IF(G81="",IF(F81="",IF(E81="","",E81),F81),G81)="",IF(J81="",IF(I81="",IF(H81="","",H81),I81),J81)="",IF(M81="",IF(L81="",IF(K81="","",K81),L81),M81)="",IF(P81="",IF(O81="",IF(N81="","",N81),O81),P81)="")=TRUE,"","P")))
B82: Kiểm tra khi vuốt trái thông báo chưa đọc | C82: pre: Có thông báo chưa đọc 1. Vuốt trái thông báo chưa đọc 2. Kiểm tra hiển thị | D82: Hiển thị 2 action: - Icon + text Đánh dấu đã đọc, button màu xanh text trắng - Icon + text Xóa, button màu đỏ text trắng
B83: Kiểm tra khi vuốt trái thông báo đã đọc | C83: pre: Có thông báo đã đọc 1. Vuốt trái thông báo đã đọc 2. Kiểm tra hiển thị | D83: Hiển thị 2 action: - Icon + text Đánh dấu chưa đọc, button màu xanh text trắng - Icon + text Xóa, button màu đỏ text trắng
B84: Kiểm tra khi action Đánh dấu đã đọc | C84: pre: Có thông báo chưa đọc 1. Vuốt trái thông báo chưa đọc 2. Click đánh dấu đã đọc | D84: 2. enable cho phép người dùng click - Tự động đóng phần action và trở lại như cũ
B85: Kiểm tra khi action Đánh dấu chưa đọc | C85: pre: Có thông báo đã đọc 1. Vuốt trái thông báo đã đọc 2. Click đánh dấu chưa đọc | D85: 2. enable cho phép người dùng click - Tự động đóng phần action và trở lại như cũ
B86: Kiểm tra khi click vào icon 3 chấm ở thông báo chưa đọc | C86: 1. Click vào icon 3 chấm ở thông báo chưa đọc 2. Kiểm tra hiển thị | D86: 2. Hiển thị bottom sheet xem chi tiết thông báo gồm: - Avarta thông báo - Tên thông báo - Nội dung thông báo - Button Đánh dấu đã đọc - Button Xóa thông báo
B87: Kiểm tra khi click vào icon 3 chấm ở thông báo đã đọc | C87: 1. Click vào icon 3 chấm ở thông báo đã đọc 2. Kiểm tra hiển thị | D87: 2. Hiển thị bottom sheet xem chi tiết thông báo gồm: - Avarta thông báo - Tên thông báo - Nội dung thông báo - Button Đánh dấu chưa đọc - Button Xóa thông báo
A88: =IF(AND(D88="",D88=""),"",$D$3&"_"&ROW()-11-COUNTBLANK($D$12:D38)) | B88: Chức năng (Phần này viết các trường hợp kiểm thử kiểm tra các ràng buộc trong cơ sở dữ liệu và cho các luồng nghiệp vụ trong tài liệu giải pháp, tích hợp với các chức năng khác) | Q88: =IF(OR(IF(G88="",IF(F88="",IF(E88="","",E88),F88),G88)="F",IF(J88="",IF(I88="",IF(H88="","",H88),I88),J88)="F",IF(M88="",IF(L88="",IF(K88="","",K88),L88),M88)="F",IF(P88="",IF(O88="",IF(N88="","",N88),O88),P88)="F")=TRUE,"F",IF(OR(IF(G88="",IF(F88="",IF(E88="","",E88),F88),G88)="PE",IF(J88="",IF(I88="",IF(H88="","",H88),I88),J88)="PE",IF(M88="",IF(L88="",IF(K88="","",K88),L88),M88)="PE",IF(P88="",IF(O88="",IF(N88="","",N88),O88),P88)="PE")=TRUE,"PE",IF(AND(IF(G88="",IF(F88="",IF(E88="","",E88),F88),G88)="",IF(J88="",IF(I88="",IF(H88="","",H88),I88),J88)="",IF(M88="",IF(L88="",IF(K88="","",K88),L88),M88)="",IF(P88="",IF(O88="",IF(N88="","",N88),O88),P88)="")=TRUE,"","P")))
A89: =IF(AND(D89="",D89=""),"",$D$3&"_"&ROW()-11-COUNTBLANK($D$12:D39)) | B89: Kiểm tra hiển thị danh sách thông báo khi chọn đọc 1 thông báo | C89: 1. Mở màn hình 2. Click 1 item unread | D89: 2.- Item không còn hiển thị dấu chấm dot chưa đọc - Background của item chuyển từ màu highlight sang màu nền bình thường (giống các item đã đọc) | E89: P | Q89: =IF(OR(IF(G89="",IF(F89="",IF(E89="","",E89),F89),G89)="F",IF(J89="",IF(I89="",IF(H89="","",H89),I89),J89)="F",IF(M89="",IF(L89="",IF(K89="","",K89),L89),M89)="F",IF(P89="",IF(O89="",IF(N89="","",N89),O89),P89)="F")=TRUE,"F",IF(OR(IF(G89="",IF(F89="",IF(E89="","",E89),F89),G89)="PE",IF(J89="",IF(I89="",IF(H89="","",H89),I89),J89)="PE",IF(M89="",IF(L89="",IF(K89="","",K89),L89),M89)="PE",IF(P89="",IF(O89="",IF(N89="","",N89),O89),P89)="PE")=TRUE,"PE",IF(AND(IF(G89="",IF(F89="",IF(E89="","",E89),F89),G89)="",IF(J89="",IF(I89="",IF(H89="","",H89),I89),J89)="",IF(M89="",IF(L89="",IF(K89="","",K89),L89),M89)="",IF(P89="",IF(O89="",IF(N89="","",N89),O89),P89)="")=TRUE,"","P")))
A90: =IF(AND(D90="",D90=""),"",$D$3&"_"&ROW()-11-COUNTBLANK($D$12:D40)) | B90: Kiểm tra hiển thị danh sách thông báo khi chọn “Đánh dấu đã đọc tất cả” | C90: 1. Vào màn hình Thông báo 2. Đảm bảo đang có nhiều item unread (có dot, highlight) 3. Click textlink “Đánh dấu đã đọc tất cả” 4. Quan sát UI sau khi click 5. Quan sát API được gọi | D90: 4. Tất cả item chuyển sang trạng thái đã đọc (mất dot, mất highlight) - Background tất cả item trở về bình thường 5. Gọi API mark-all-read thành công (status 200) - Không còn item unread | E90: P | Q90: =IF(OR(IF(G90="",IF(F90="",IF(E90="","",E90),F90),G90)="F",IF(J90="",IF(I90="",IF(H90="","",H90),I90),J90)="F",IF(M90="",IF(L90="",IF(K90="","",K90),L90),M90)="F",IF(P90="",IF(O90="",IF(N90="","",N90),O90),P90)="F")=TRUE,"F",IF(OR(IF(G90="",IF(F90="",IF(E90="","",E90),F90),G90)="PE",IF(J90="",IF(I90="",IF(H90="","",H90),I90),J90)="PE",IF(M90="",IF(L90="",IF(K90="","",K90),L90),M90)="PE",IF(P90="",IF(O90="",IF(N90="","",N90),O90),P90)="PE")=TRUE,"PE",IF(AND(IF(G90="",IF(F90="",IF(E90="","",E90),F90),G90)="",IF(J90="",IF(I90="",IF(H90="","",H90),I90),J90)="",IF(M90="",IF(L90="",IF(K90="","",K90),L90),M90)="",IF(P90="",IF(O90="",IF(N90="","",N90),O90),P90)="")=TRUE,"","P")))
A91: =IF(AND(D91="",D91=""),"",$D$3&"_"&ROW()-11-COUNTBLANK($D$12:D91)) | B91: Kiểm tra khi chọn “Đánh dấu đã đọc tất cả” nhiều lần liên tiếp | C91: 1. Vào màn hình Thông báo 2. Đảm bảo có nhiều item unread 3. Click “Đánh dấu đọc tất cả” nhiều lần 4. Quan sát textlink sau khi action thành công | D91: 4. Không crash, không âm count, không update sai | E91: P | Q91: =IF(OR(IF(G91="",IF(F91="",IF(E91="","",E91),F91),G91)="F",IF(J91="",IF(I91="",IF(H91="","",H91),I91),J91)="F",IF(M91="",IF(L91="",IF(K91="","",K91),L91),M91)="F",IF(P91="",IF(O91="",IF(N91="","",N91),O91),P91)="F")=TRUE,"F",IF(OR(IF(G91="",IF(F91="",IF(E91="","",E91),F91),G91)="PE",IF(J91="",IF(I91="",IF(H91="","",H91),I91),J91)="PE",IF(M91="",IF(L91="",IF(K91="","",K91),L91),M91)="PE",IF(P91="",IF(O91="",IF(N91="","",N91),O91),P91)="PE")=TRUE,"PE",IF(AND(IF(G91="",IF(F91="",IF(E91="","",E91),F91),G91)="",IF(J91="",IF(I91="",IF(H91="","",H91),I91),J91)="",IF(M91="",IF(L91="",IF(K91="","",K91),L91),M91)="",IF(P91="",IF(O91="",IF(N91="","",N91),O91),P91)="")=TRUE,"","P")))
A92: =IF(AND(D92="",D92=""),"",$D$3&"_"&ROW()-11-COUNTBLANK($D$12:D92)) | B92: Click vào item đã đọc (read) | C92: 1. Vào màn hình Thông báo 2. Chọn 1 item đã ở trạng thái đã đọc (không có dot, background bình thường) 3. Click vào item | D92: 3. - Điều hướng tới màn hình chi tiết - UI item không thay đổi thêm (vẫn không dot, không highlight) | E92: P | Q92: =IF(OR(IF(G92="",IF(F92="",IF(E92="","",E92),F92),G92)="F",IF(J92="",IF(I92="",IF(H92="","",H92),I92),J92)="F",IF(M92="",IF(L92="",IF(K92="","",K92),L92),M92)="F",IF(P92="",IF(O92="",IF(N92="","",N92),O92),P92)="F")=TRUE,"F",IF(OR(IF(G92="",IF(F92="",IF(E92="","",E92),F92),G92)="PE",IF(J92="",IF(I92="",IF(H92="","",H92),I92),J92)="PE",IF(M92="",IF(L92="",IF(K92="","",K92),L92),M92)="PE",IF(P92="",IF(O92="",IF(N92="","",N92),O92),P92)="PE")=TRUE,"PE",IF(AND(IF(G92="",IF(F92="",IF(E92="","",E92),F92),G92)="",IF(J92="",IF(I92="",IF(H92="","",H92),I92),J92)="",IF(M92="",IF(L92="",IF(K92="","",K92),L92),M92)="",IF(P92="",IF(O92="",IF(N92="","",N92),O92),P92)="")=TRUE,"","P")))
A93: =IF(AND(D93="",D93=""),"",$D$3&"_"&ROW()-11-COUNTBLANK($D$12:D93)) | B93: Click nhiều item unread liên tiếp (nhanh) | C93: 1. Mở màn hình có nhiều item unread 2. Click nhanh lần lượt nhiều item khác nhau | D93: 2. - Tất cả các item được click đều chuyển sang trạng thái đã đọc (mất dot, đổi background) - Không bị miss item nào - Không crash, không lag UI | E93: P | Q93: =IF(OR(IF(G93="",IF(F93="",IF(E93="","",E93),F93),G93)="F",IF(J93="",IF(I93="",IF(H93="","",H93),I93),J93)="F",IF(M93="",IF(L93="",IF(K93="","",K93),L93),M93)="F",IF(P93="",IF(O93="",IF(N93="","",N93),O93),P93)="F")=TRUE,"F",IF(OR(IF(G93="",IF(F93="",IF(E93="","",E93),F93),G93)="PE",IF(J93="",IF(I93="",IF(H93="","",H93),I93),J93)="PE",IF(M93="",IF(L93="",IF(K93="","",K93),L93),M93)="PE",IF(P93="",IF(O93="",IF(N93="","",N93),O93),P93)="PE")=TRUE,"PE",IF(AND(IF(G93="",IF(F93="",IF(E93="","",E93),F93),G93)="",IF(J93="",IF(I93="",IF(H93="","",H93),I93),J93)="",IF(M93="",IF(L93="",IF(K93="","",K93),L93),M93)="",IF(P93="",IF(O93="",IF(N93="","",N93),O93),P93)="")=TRUE,"","P")))
A94: =IF(AND(D94="",D94=""),"",$D$3&"_"&ROW()-11-COUNTBLANK($D$12:D94)) | B94: Click 1 item nhiều lần liên tiếp | C94: 1. Vào màn hình Thông báo 2. Chọn 1 item unread 3. Click liên tục nhiều lần vào cùng 1 item | D94: 3. - Item chỉ chuyển sang read 1 lần duy nhất - Không bị flicker UI - Không gửi nhiều request trùng | E94: P | Q94: =IF(OR(IF(G94="",IF(F94="",IF(E94="","",E94),F94),G94)="F",IF(J94="",IF(I94="",IF(H94="","",H94),I94),J94)="F",IF(M94="",IF(L94="",IF(K94="","",K94),L94),M94)="F",IF(P94="",IF(O94="",IF(N94="","",N94),O94),P94)="F")=TRUE,"F",IF(OR(IF(G94="",IF(F94="",IF(E94="","",E94),F94),G94)="PE",IF(J94="",IF(I94="",IF(H94="","",H94),I94),J94)="PE",IF(M94="",IF(L94="",IF(K94="","",K94),L94),M94)="PE",IF(P94="",IF(O94="",IF(N94="","",N94),O94),P94)="PE")=TRUE,"PE",IF(AND(IF(G94="",IF(F94="",IF(E94="","",E94),F94),G94)="",IF(J94="",IF(I94="",IF(H94="","",H94),I94),J94)="",IF(M94="",IF(L94="",IF(K94="","",K94),L94),M94)="",IF(P94="",IF(O94="",IF(N94="","",N94),O94),P94)="")=TRUE,"","P")))
A95: =IF(AND(D95="",D95=""),"",$D$3&"_"&ROW()-11-COUNTBLANK($D$12:D95)) | B95: Mark all read khi API lỗi | C95: Pre: Mock API mark-all trả lỗi (500/timeout) 1. Mở màn Thông báo 2. Click “Đánh dấu đã đọc tất cả” 3. Quan sát UI | D95: 3. Không chuyển trạng thái sang read - Hiển thị message lỗi - Không mất trạng thái unread | E95: P | Q95: =IF(OR(IF(G95="",IF(F95="",IF(E95="","",E95),F95),G95)="F",IF(J95="",IF(I95="",IF(H95="","",H95),I95),J95)="F",IF(M95="",IF(L95="",IF(K95="","",K95),L95),M95)="F",IF(P95="",IF(O95="",IF(N95="","",N95),O95),P95)="F")=TRUE,"F",IF(OR(IF(G95="",IF(F95="",IF(E95="","",E95),F95),G95)="PE",IF(J95="",IF(I95="",IF(H95="","",H95),I95),J95)="PE",IF(M95="",IF(L95="",IF(K95="","",K95),L95),M95)="PE",IF(P95="",IF(O95="",IF(N95="","",N95),O95),P95)="PE")=TRUE,"PE",IF(AND(IF(G95="",IF(F95="",IF(E95="","",E95),F95),G95)="",IF(J95="",IF(I95="",IF(H95="","",H95),I95),J95)="",IF(M95="",IF(L95="",IF(K95="","",K95),L95),M95)="",IF(P95="",IF(O95="",IF(N95="","",N95),O95),P95)="")=TRUE,"","P")))
A96: =IF(AND(D96="",D96=""),"",$D$3&"_"&ROW()-11-COUNTBLANK($D$12:D96)) | B96: Click item khi mất mạng | C96: 1. Vào màn hình Thông báo 2 Tắt mạng 3. Click item unread | D96: 3. - Hiển thị lỗi hoặc không update UI - Không chuyển sai sang read nếu API fail | E96: P | Q96: =IF(OR(IF(G96="",IF(F96="",IF(E96="","",E96),F96),G96)="F",IF(J96="",IF(I96="",IF(H96="","",H96),I96),J96)="F",IF(M96="",IF(L96="",IF(K96="","",K96),L96),M96)="F",IF(P96="",IF(O96="",IF(N96="","",N96),O96),P96)="F")=TRUE,"F",IF(OR(IF(G96="",IF(F96="",IF(E96="","",E96),F96),G96)="PE",IF(J96="",IF(I96="",IF(H96="","",H96),I96),J96)="PE",IF(M96="",IF(L96="",IF(K96="","",K96),L96),M96)="PE",IF(P96="",IF(O96="",IF(N96="","",N96),O96),P96)="PE")=TRUE,"PE",IF(AND(IF(G96="",IF(F96="",IF(E96="","",E96),F96),G96)="",IF(J96="",IF(I96="",IF(H96="","",H96),I96),J96)="",IF(M96="",IF(L96="",IF(K96="","",K96),L96),M96)="",IF(P96="",IF(O96="",IF(N96="","",N96),O96),P96)="")=TRUE,"","P")))
A97: =IF(AND(D97="",D97=""),"",$D$3&"_"&ROW()-11-COUNTBLANK($D$12:D97)) | B97: Chức năng 1.5: Luồng badge thông báo
A98: =IF(AND(D98="",D98=""),"",$D$3&"_"&ROW()-11-COUNTBLANK($D$12:D98)) | B98: Chức năng (Phần này viết các trường hợp kiểm thử kiểm tra các ràng buộc trong cơ sở dữ liệu và cho các luồng nghiệp vụ trong tài liệu giải pháp, tích hợp với các chức năng khác) | Q98: =IF(OR(IF(G98="",IF(F98="",IF(E98="","",E98),F98),G98)="F",IF(J98="",IF(I98="",IF(H98="","",H98),I98),J98)="F",IF(M98="",IF(L98="",IF(K98="","",K98),L98),M98)="F",IF(P98="",IF(O98="",IF(N98="","",N98),O98),P98)="F")=TRUE,"F",IF(OR(IF(G98="",IF(F98="",IF(E98="","",E98),F98),G98)="PE",IF(J98="",IF(I98="",IF(H98="","",H98),I98),J98)="PE",IF(M98="",IF(L98="",IF(K98="","",K98),L98),M98)="PE",IF(P98="",IF(O98="",IF(N98="","",N98),O98),P98)="PE")=TRUE,"PE",IF(AND(IF(G98="",IF(F98="",IF(E98="","",E98),F98),G98)="",IF(J98="",IF(I98="",IF(H98="","",H98),I98),J98)="",IF(M98="",IF(L98="",IF(K98="","",K98),L98),M98)="",IF(P98="",IF(O98="",IF(N98="","",N98),O98),P98)="")=TRUE,"","P")))
A99: =IF(AND(D99="",D99=""),"",$D$3&"_"&ROW()-11-COUNTBLANK($D$12:D99)) | B99: Hiển thị badge khi có thông báo chưa đọc | C99: 1. Mở màn hình Thông báo 2. Quan sát hiển thị badge | D99: 2. - Badge hiển thị tại từng tab (góc trên/phải) - Badge hiển thị số = tổng số thông báo unread (N) từ server - Badge có style đúng design (màu nền, màu chữ, kích thước, vị trí không lệch) | E99: P | Q99: =IF(OR(IF(G99="",IF(F99="",IF(E99="","",E99),F99),G99)="F",IF(J99="",IF(I99="",IF(H99="","",H99),I99),J99)="F",IF(M99="",IF(L99="",IF(K99="","",K99),L99),M99)="F",IF(P99="",IF(O99="",IF(N99="","",N99),O99),P99)="F")=TRUE,"F",IF(OR(IF(G99="",IF(F99="",IF(E99="","",E99),F99),G99)="PE",IF(J99="",IF(I99="",IF(H99="","",H99),I99),J99)="PE",IF(M99="",IF(L99="",IF(K99="","",K99),L99),M99)="PE",IF(P99="",IF(O99="",IF(N99="","",N99),O99),P99)="PE")=TRUE,"PE",IF(AND(IF(G99="",IF(F99="",IF(E99="","",E99),F99),G99)="",IF(J99="",IF(I99="",IF(H99="","",H99),I99),J99)="",IF(M99="",IF(L99="",IF(K99="","",K99),L99),M99)="",IF(P99="",IF(O99="",IF(N99="","",N99),O99),P99)="")=TRUE,"","P")))
A100: =IF(AND(D100="",D100=""),"",$D$3&"_"&ROW()-11-COUNTBLANK($D$12:D100)) | B100: Không hiển thị badge khi không có unread | C100: 1.Vào màn hình Thông báo 2. Đảm bảo tất cả thông báo đều ở trạng thái đã đọc (không có dot, không highlight) 3. Quan sát icon/tab có badge (ví dụ icon chuông hoặc tab Thông báo) | D100: 3. Không hiển thị badge khi số lượng unread = 0 - Không hiển thị giá trị “0” trên badge - Badge được ẩn hoàn toàn (không chiếm UI) - UI không bị lệch layout | E100: P | Q100: =IF(OR(IF(G100="",IF(F100="",IF(E100="","",E100),F100),G100)="F",IF(J100="",IF(I100="",IF(H100="","",H100),I100),J100)="F",IF(M100="",IF(L100="",IF(K100="","",K100),L100),M100)="F",IF(P100="",IF(O100="",IF(N100="","",N100),O100),P100)="F")=TRUE,"F",IF(OR(IF(G100="",IF(F100="",IF(E100="","",E100),F100),G100)="PE",IF(J100="",IF(I100="",IF(H100="","",H100),I100),J100)="PE",IF(M100="",IF(L100="",IF(K100="","",K100),L100),M100)="PE",IF(P100="",IF(O100="",IF(N100="","",N100),O100),P100)="PE")=TRUE,"PE",IF(AND(IF(G100="",IF(F100="",IF(E100="","",E100),F100),G100)="",IF(J100="",IF(I100="",IF(H100="","",H100),I100),J100)="",IF(M100="",IF(L100="",IF(K100="","",K100),L100),M100)="",IF(P100="",IF(O100="",IF(N100="","",N100),O100),P100)="")=TRUE,"","P")))
A101: =IF(AND(D101="",D101=""),"",$D$3&"_"&ROW()-11-COUNTBLANK($D$12:D101)) | B101: Badge hiển thị đúng theo từng tab | C101: 1. Mock dữ liệu: - Tab Hệ thống: 2 unread 2. Vào màn hình Thông báo 3. Quan sát badge trên từng tab | D101: 3. Tab Hệ thống hiển thị badge = 2 - Không bị nhầm lẫn giữa các tab | E101: P | Q101: =IF(OR(IF(G101="",IF(F101="",IF(E101="","",E101),F101),G101)="F",IF(J101="",IF(I101="",IF(H101="","",H101),I101),J101)="F",IF(M101="",IF(L101="",IF(K101="","",K101),L101),M101)="F",IF(P101="",IF(O101="",IF(N101="","",N101),O101),P101)="F")=TRUE,"F",IF(OR(IF(G101="",IF(F101="",IF(E101="","",E101),F101),G101)="PE",IF(J101="",IF(I101="",IF(H101="","",H101),I101),J101)="PE",IF(M101="",IF(L101="",IF(K101="","",K101),L101),M101)="PE",IF(P101="",IF(O101="",IF(N101="","",N101),O101),P101)="PE")=TRUE,"PE",IF(AND(IF(G101="",IF(F101="",IF(E101="","",E101),F101),G101)="",IF(J101="",IF(I101="",IF(H101="","",H101),I101),J101)="",IF(M101="",IF(L101="",IF(K101="","",K101),L101),M101)="",IF(P101="",IF(O101="",IF(N101="","",N101),O101),P101)="")=TRUE,"","P")))
...

Sheet 8. Tài khoản
C1: KỊCH BẢN KIỂM THỬ *
C2: Tên màn hình/Tên chức năng | D2: Tài khoản
C3: Mã trường hợp kiểm thử | D3: WBS-8
C4: Số trường hợp kiểm thử đạt (P) | D4: =COUNTIF($Q$12:$Q$1031,"P")
C5: Số trường hợp kiểm thử không đạt (F) | D5: =COUNTIF($Q$12:$Q$1031,"F")
C6: Số trường hợp kiểm thử đang xem xét (PE) | D6: =COUNTIF($Q$12:$Q$1031,"PE")
C7: Số trường hợp kiểm thử chưa thực hiện | D7: =D8-D4-D5-D6
C8: Tổng số trường hợp kiểm thử | D8: =COUNTA($D$13:$D$1031)
A10: Mã trường hợp kiểm thử | B10: Mục đích kiểm thử | C10: Các bước thực hiện | D10: Kết quả mong muốn | E10: Android | H10: IOS | K10: <Tên trình duyệt 3> | N10: <Tên trình duyệt 4> | Q10: Kết quả hiện tại | R10: Mã lỗi | S10: Ghi chú
